"3'§î‚~ŒYì×Ñ","!ÌÙ`§î‚~ŒYì×Ñ","VodiÄ CY 6 svÄ›t.modrÃ½","19","Lorem ipsum dolor sit amet, consectetuer adipiscing elit. Ut tempus purus at lorem.","Lorem ipsum dolor sit amet, consectetuer adipiscing elit. Ut tempus purus at lorem. Integer pellentesque quam vel velit.","45"
"3ûÙ§î‚~ŒYì×Ñ","!ÌÙ`§î‚~ŒYì×Ñ","VodiÄ CY 6 ÄernÃ½","56","Lorem ipsum dolor sit amet, consectetuer adipiscing elit. Ut tempus purus at lorem.","Lorem ipsum dolor sit amet, consectetuer adipiscing elit. Ut tempus purus at lorem. Integer pellentesque quam vel velit.","100"
"3€cæ§î‚~ŒYì×Ñ","!ÌÙ`§î‚~ŒYì×Ñ","50 bÃ­lÃ½","42","Lorem ipsum dolor sit amet, consectetuer adipiscing elit. Ut tempus purus at lorem.","Lorem ipsum dolor sit amet, consectetuer adipiscing elit. Ut tempus purus at lorem. Integer pellentesque quam vel velit.","53"
"3€³]§î‚~ŒYì×Ñ","!ÌÙ`§î‚~ŒYì×Ñ","VodiÄ CY 6 svÄ›t.modrÃ½","37","Lorem ipsum dolor sit amet, consectetuer adipiscing elit. Ut tempus purus at lorem.","Lorem ipsum dolor sit amet, consectetuer adipiscing elit. Ut tempus purus at lorem. Integer pellentesque quam vel velit.","45"
"3¤§î‚~ŒYì×Ñ","!ÌÙ`§î‚~ŒYì×Ñ","VodiÄ CY 0","77","Lorem ipsum dolor sit amet, consectetuer adipiscing elit. Ut tempus purus at lorem.","Lorem ipsum dolor sit amet, consectetuer adipiscing elit. Ut tempus purus at lorem. Integer pellentesque quam vel velit.","58"
"3…§î‚~ŒYì×Ñ","!ÌÙ`§î‚~ŒYì×Ñ","VodiÄ CY 6 svÄ›t.modrÃ½","78","Lorem ipsum dolor sit amet, consectetuer adipiscing elit. Ut tempus purus at lorem.","Lorem ipsum dolor sit amet, consectetuer adipiscing elit. Ut tempus purus at lorem. Integer pellentesque quam vel velit.","41"
"3Õp§î‚~ŒYì×Ñ","!ÌÙ`§î‚~ŒYì×Ñ","VodiÄ CY 6 ÄernÃ½","45","Lorem ipsum dolor sit amet, consectetuer adipiscing elit. Ut tempus purus at lorem.","Lorem ipsum dolor sit amet, consectetuer adipiscing elit. Ut tempus purus at lorem. Integer pellentesque quam vel velit.","76"
"3‚-Á§î‚~ŒYì×Ñ","!ÌÙ`§î‚~ŒYì×Ñ","50 bÃ­lÃ½","69","Lorem ipsum dolor sit amet, consectetuer adipiscing elit. Ut tempus purus at lorem.","Lorem ipsum dolor sit amet, consectetuer adipiscing elit. Ut tempus purus at lorem. Integer pellentesque quam vel velit.","30"
"3‚ˆ¥§î‚~ŒYì×Ñ","!ÌÙ`§î‚~ŒYì×Ñ","5 zel.Å¾lu.","5","Lorem ipsum dolor sit amet, consectetuer adipiscing elit. Ut tempus purus at lorem.","Lorem ipsum dolor sit amet, consectetuer adipiscing elit. Ut tempus purus at lorem. Integer pellentesque quam vel velit.","56"
"3‚Ü0§î‚~ŒYì×Ñ","!ÌÙ`§î‚~ŒYì×Ñ","5 zel.Å¾lu.","36","Lorem ipsum dolor sit amet, consectetuer adipiscing elit. Ut tempus purus at lorem.","Lorem ipsum dolor sit amet, consectetuer adipiscing elit. Ut tempus purus at lorem. Integer pellentesque quam vel velit.","64"
"3ƒ!§î‚~ŒYì×Ñ","!ÌÙ`§î‚~ŒYì×Ñ","VodiÄ CY 6 ÄernÃ½","44","Lorem ipsum dolor sit amet, consectetuer adipiscing elit. Ut tempus purus at lorem.","Lorem ipsum dolor sit amet, consectetuer adipiscing elit. Ut tempus purus at lorem. Integer pellentesque quam vel velit.","78"
"3ƒn8§î‚~ŒYì×Ñ","!ÌÙ`§î‚~ŒYì×Ñ","VodiÄ CY 6 svÄ›t.modrÃ½","99","Lorem ipsum dolor sit amet, consectetuer adipiscing elit. Ut tempus purus at lorem.","Lorem ipsum dolor sit amet, consectetuer adipiscing elit. Ut tempus purus at lorem. Integer pellentesque quam vel velit.","7"
"3ƒº*§î‚~ŒYì×Ñ","!ÌÙ`§î‚~ŒYì×Ñ","VodiÄ CY 6 svÄ›t.modrÃ½","14","Lorem ipsum dolor sit amet, consectetuer adipiscing elit. Ut tempus purus at lorem.","Lorem ipsum dolor sit amet, consectetuer adipiscing elit. Ut tempus purus at lorem. Integer pellentesque quam vel velit.","99"
"3„í§î‚~ŒYì×Ñ","!ÌÙ`§î‚~ŒYì×Ñ","5 zel.Å¾lu.","57","Lorem ipsum dolor sit amet, consectetuer adipiscing elit. Ut tempus purus at lorem.","Lorem ipsum dolor sit amet, consectetuer adipiscing elit. Ut tempus purus at lorem. Integer pellentesque quam vel velit.","56"
"3„@c§î‚~ŒYì×Ñ","!ÌÙ`§î‚~ŒYì×Ñ","VodiÄ CY 6 svÄ›t.modrÃ½","6","Lorem ipsum dolor sit amet, consectetuer adipiscing elit. Ut tempus purus at lorem.","Lorem ipsum dolor sit amet, consectetuer adipiscing elit. Ut tempus purus at lorem. Integer pellentesque quam vel velit.","49"
"3„—°§î‚~ŒYì×Ñ","!ÌÙ`§î‚~ŒYì×Ñ","VodiÄ CY 6 ÄernÃ½","27","Lorem ipsum dolor sit amet, consectetuer adipiscing elit. Ut tempus purus at lorem.","Lorem ipsum dolor sit amet, consectetuer adipiscing elit. Ut tempus purus at lorem. Integer pellentesque quam vel velit.","58"
"3„Ùğ§î‚~ŒYì×Ñ","!ÌÙ`§î‚~ŒYì×Ñ","50 bÃ­lÃ½","5","Lorem ipsum dolor sit amet, consectetuer adipiscing elit. Ut tempus purus at lorem.","Lorem ipsum dolor sit amet, consectetuer adipiscing elit. Ut tempus purus at lorem. Integer pellentesque quam vel velit.","71"
"3…$í§î‚~ŒYì×Ñ","!ÌÙ`§î‚~ŒYì×Ñ","VodiÄ CY 6 ÄernÃ½","30","Lorem ipsum dolor sit amet, consectetuer adipiscing elit. Ut tempus purus at lorem.","Lorem ipsum dolor sit amet, consectetuer adipiscing elit. Ut tempus purus at lorem. Integer pellentesque quam vel velit.","52"
"3…ec§î‚~ŒYì×Ñ","!ÌÙ`§î‚~ŒYì×Ñ","5 zel.Å¾lu.","48","Lorem ipsum dolor sit amet, consectetuer adipiscing elit. Ut tempus purus at lorem.","Lorem ipsum dolor sit amet, consectetuer adipiscing elit. Ut tempus purus at lorem. Integer pellentesque quam vel velit.","45"
"3…Í§î‚~ŒYì×Ñ","!ÌÙ`§î‚~ŒYì×Ñ","VodiÄ CY 0","65","Lorem ipsum dolor sit amet, consectetuer adipiscing elit. Ut tempus purus at lorem.","Lorem ipsum dolor sit amet, consectetuer adipiscing elit. Ut tempus purus at lorem. Integer pellentesque quam vel velit.","59"
"3†	Ú§î‚~ŒYì×Ñ","!ÌÙ`§î‚~ŒYì×Ñ","VodiÄ CY 6 svÄ›t.modrÃ½","52","Lorem ipsum dolor sit amet, consectetuer adipiscing elit. Ut tempus purus at lorem.","Lorem ipsum dolor sit amet, consectetuer adipiscing elit. Ut tempus purus at lorem. Integer pellentesque quam vel velit.","40"
"3†T;§î‚~ŒYì×Ñ","!ÌÙ`§î‚~ŒYì×Ñ","VodiÄ CY 6 ÄernÃ½","18","Lorem ipsum dolor sit amet, consectetuer adipiscing elit. Ut tempus purus at lorem.","Lorem ipsum dolor sit amet, consectetuer adipiscing elit. Ut tempus purus at lorem. Integer pellentesque quam vel velit.","15"
"3†‹ø§î‚~ŒYì×Ñ","!ÌÙ`§î‚~ŒYì×Ñ","VodiÄ CYA 1","12","Lorem ipsum dolor sit amet, consectetuer adipiscing elit. Ut tempus purus at lorem.","Lorem ipsum dolor sit amet, consectetuer adipiscing elit. Ut tempus purus at lorem. Integer pellentesque quam vel velit.","27"
"3†Ò]§î‚~ŒYì×Ñ","!ÌÙ`§î‚~ŒYì×Ñ","VodiÄ CY 0","13","Lorem ipsum dolor sit amet, consectetuer adipiscing elit. Ut tempus purus at lorem.","Lorem ipsum dolor sit amet, consectetuer adipiscing elit. Ut tempus purus at lorem. Integer pellentesque quam vel velit.","81"
"3‡ê§î‚~ŒYì×Ñ","!ÌÙ`§î‚~ŒYì×Ñ","VodiÄ CY 6 svÄ›t.modrÃ½","86","Lorem ipsum dolor sit amet, consectetuer adipiscing elit. Ut tempus purus at lorem.","Lorem ipsum dolor sit amet, consectetuer adipiscing elit. Ut tempus purus at lorem. Integer pellentesque quam vel velit.","77"
"3‡YŞ§î‚~ŒYì×Ñ","!ÌÙ`§î‚~ŒYì×Ñ","5 zel.Å¾lu.","8","Lorem ipsum dolor sit amet, consectetuer adipiscing elit. Ut tempus purus at lorem.","Lorem ipsum dolor sit amet, consectetuer adipiscing elit. Ut tempus purus at lorem. Integer pellentesque quam vel velit.","74"
"3‡©Ñ§î‚~ŒYì×Ñ","!ÌÙ`§î‚~ŒYì×Ñ","50 bÃ­lÃ½","88","Lorem ipsum dolor sit amet, consectetuer adipiscing elit. Ut tempus purus at lorem.","Lorem ipsum dolor sit amet, consectetuer adipiscing elit. Ut tempus purus at lorem. Integer pellentesque quam vel velit.","54"
"3‡èµ§î‚~ŒYì×Ñ","!ÌÙ`§î‚~ŒYì×Ñ","50 bÃ­lÃ½","35","Lorem ipsum dolor sit amet, consectetuer adipiscing elit. Ut tempus purus at lorem.","Lorem ipsum dolor sit amet, consectetuer adipiscing elit. Ut tempus purus at lorem. Integer pellentesque quam vel velit.","54"
"3ˆƒ §î‚~ŒYì×Ñ","!ÌÙ`§î‚~ŒYì×Ñ","VodiÄ CY 6 svÄ›t.modrÃ½","11","Lorem ipsum dolor sit amet, consectetuer adipiscing elit. Ut tempus purus at lorem.","Lorem ipsum dolor sit amet, consectetuer adipiscing elit. Ut tempus purus at lorem. Integer pellentesque quam vel velit.","71"
"3ˆÜG§î‚~ŒYì×Ñ","!ÌÙ`§î‚~ŒYì×Ñ","VodiÄ CY 0","88","Lorem ipsum dolor sit amet, consectetuer adipiscing elit. Ut tempus purus at lorem.","Lorem ipsum dolor sit amet, consectetuer adipiscing elit. Ut tempus purus at lorem. Integer pellentesque quam vel velit.","18"
"3‰$„§î‚~ŒYì×Ñ","!ÌÙ`§î‚~ŒYì×Ñ","VodiÄ CY 6 svÄ›t.modrÃ½","14","Lorem ipsum dolor sit amet, consectetuer adipiscing elit. Ut tempus purus at lorem.","Lorem ipsum dolor sit amet, consectetuer adipiscing elit. Ut tempus purus at lorem. Integer pellentesque quam vel velit.","35"
"3‰y%§î‚~ŒYì×Ñ","!ÌÙ`§î‚~ŒYì×Ñ","VodiÄ CY 6 svÄ›t.modrÃ½","86","Lorem ipsum dolor sit amet, consectetuer adipiscing elit. Ut tempus purus at lorem.","Lorem ipsum dolor sit amet, consectetuer adipiscing elit. Ut tempus purus at lorem. Integer pellentesque quam vel velit.","67"
"3‰Å/§î‚~ŒYì×Ñ","!ÌÙ`§î‚~ŒYì×Ñ","VodiÄ CY 6 ÄernÃ½","30","Lorem ipsum dolor sit amet, consectetuer adipiscing elit. Ut tempus purus at lorem.","Lorem ipsum dolor sit amet, consectetuer adipiscing elit. Ut tempus purus at lorem. Integer pellentesque quam vel velit.","43"
"3ŠG§î‚~ŒYì×Ñ","!ÌÙ`§î‚~ŒYì×Ñ","VodiÄ CY 6 ÄernÃ½","26","Lorem ipsum dolor sit amet, consectetuer adipiscing elit. Ut tempus purus at lorem.","Lorem ipsum dolor sit amet, consectetuer adipiscing elit. Ut tempus purus at lorem. Integer pellentesque quam vel velit.","47"
"3ŠeŞ§î‚~ŒYì×Ñ","!ÌÙ`§î‚~ŒYì×Ñ","VodiÄ CYA 1","84","Lorem ipsum dolor sit amet, consectetuer adipiscing elit. Ut tempus purus at lorem.","Lorem ipsum dolor sit amet, consectetuer adipiscing elit. Ut tempus purus at lorem. Integer pellentesque quam vel velit.","96"
"3Šµc§î‚~ŒYì×Ñ","!ÌÙ`§î‚~ŒYì×Ñ","5 zel.Å¾lu.","6","Lorem ipsum dolor sit amet, consectetuer adipiscing elit. Ut tempus purus at lorem.","Lorem ipsum dolor sit amet, consectetuer adipiscing elit. Ut tempus purus at lorem. Integer pellentesque quam vel velit.","75"
"3Šõ‘§î‚~ŒYì×Ñ","!ÌÙ`§î‚~ŒYì×Ñ","5 zel.Å¾lu.","34","Lorem ipsum dolor sit amet, consectetuer adipiscing elit. Ut tempus purus at lorem.","Lorem ipsum dolor sit amet, consectetuer adipiscing elit. Ut tempus purus at lorem. Integer pellentesque quam vel velit.","70"
"3‹Iˆ§î‚~ŒYì×Ñ","!ÌÙ`§î‚~ŒYì×Ñ","50 bÃ­lÃ½","28","Lorem ipsum dolor sit amet, consectetuer adipiscing elit. Ut tempus purus at lorem.","Lorem ipsum dolor sit amet, consectetuer adipiscing elit. Ut tempus purus at lorem. Integer pellentesque quam vel velit.","71"
"3‹–N§î‚~ŒYì×Ñ","!ÌÙ`§î‚~ŒYì×Ñ","VodiÄ CY 6 svÄ›t.modrÃ½","64","Lorem ipsum dolor sit amet, consectetuer adipiscing elit. Ut tempus purus at lorem.","Lorem ipsum dolor sit amet, consectetuer adipiscing elit. Ut tempus purus at lorem. Integer pellentesque quam vel velit.","12"
"3‹éú§î‚~ŒYì×Ñ","!ÌÙ`§î‚~ŒYì×Ñ","VodiÄ CY 6 ÄernÃ½","73","Lorem ipsum dolor sit amet, consectetuer adipiscing elit. Ut tempus purus at lorem.","Lorem ipsum dolor sit amet, consectetuer adipiscing elit. Ut tempus purus at lorem. Integer pellentesque quam vel velit.","84"
"3Œ6Q§î‚~ŒYì×Ñ","!ÌÙ`§î‚~ŒYì×Ñ","5 zel.Å¾lu.","11","Lorem ipsum dolor sit amet, consectetuer adipiscing elit. Ut tempus purus at lorem.","Lorem ipsum dolor sit amet, consectetuer adipiscing elit. Ut tempus purus at lorem. Integer pellentesque quam vel velit.","9"
"3Œ¥ğ§î‚~ŒYì×Ñ","!ÌÙ`§î‚~ŒYì×Ñ","VodiÄ CYA 1","89","Lorem ipsum dolor sit amet, consectetuer adipiscing elit. Ut tempus purus at lorem.","Lorem ipsum dolor sit amet, consectetuer adipiscing elit. Ut tempus purus at lorem. Integer pellentesque quam vel velit.","21"
"3Œâü§î‚~ŒYì×Ñ","!ÌÙ`§î‚~ŒYì×Ñ","5 zel.Å¾lu.","78","Lorem ipsum dolor sit amet, consectetuer adipiscing elit. Ut tempus purus at lorem.","Lorem ipsum dolor sit amet, consectetuer adipiscing elit. Ut tempus purus at lorem. Integer pellentesque quam vel velit.","33"
"30“§î‚~ŒYì×Ñ","!ÌÙ`§î‚~ŒYì×Ñ","5 zel.Å¾lu.","72","Lorem ipsum dolor sit amet, consectetuer adipiscing elit. Ut tempus purus at lorem.","Lorem ipsum dolor sit amet, consectetuer adipiscing elit. Ut tempus purus at lorem. Integer pellentesque quam vel velit.","44"
"3ha§î‚~ŒYì×Ñ","!ÌÙ`§î‚~ŒYì×Ñ","VodiÄ CY 0","8","Lorem ipsum dolor sit amet, consectetuer adipiscing elit. Ut tempus purus at lorem.","Lorem ipsum dolor sit amet, consectetuer adipiscing elit. Ut tempus purus at lorem. Integer pellentesque quam vel velit.","64"
"3¶6§î‚~ŒYì×Ñ","!ÌÙ`§î‚~ŒYì×Ñ","VodiÄ CY 0","15","Lorem ipsum dolor sit amet, consectetuer adipiscing elit. Ut tempus purus at lorem.","Lorem ipsum dolor sit amet, consectetuer adipiscing elit. Ut tempus purus at lorem. Integer pellentesque quam vel velit.","87"
"3ìÊ§î‚~ŒYì×Ñ","!ÌÙ`§î‚~ŒYì×Ñ","VodiÄ CY 6 svÄ›t.modrÃ½","60","Lorem ipsum dolor sit amet, consectetuer adipiscing elit. Ut tempus purus at lorem.","Lorem ipsum dolor sit amet, consectetuer adipiscing elit. Ut tempus purus at lorem. Integer pellentesque quam vel velit.","85"
"36§î‚~ŒYì×Ñ","!ÌÙ`§î‚~ŒYì×Ñ","VodiÄ CYA 1","11","Lorem ipsum dolor sit amet, consectetuer adipiscing elit. Ut tempus purus at lorem.","Lorem ipsum dolor sit amet, consectetuer adipiscing elit. Ut tempus purus at lorem. Integer pellentesque quam vel velit.","0"
"3n§î‚~ŒYì×Ñ","!ÌÙ`§î‚~ŒYì×Ñ","VodiÄ CY 0","96","Lorem ipsum dolor sit amet, consectetuer adipiscing elit. Ut tempus purus at lorem.","Lorem ipsum dolor sit amet, consectetuer adipiscing elit. Ut tempus purus at lorem. Integer pellentesque quam vel velit.","41"
"3¤«§î‚~ŒYì×Ñ","!ÌÙ`§î‚~ŒYì×Ñ","VodiÄ CY 6 svÄ›t.modrÃ½","84","Lorem ipsum dolor sit amet, consectetuer adipiscing elit. Ut tempus purus at lorem.","Lorem ipsum dolor sit amet, consectetuer adipiscing elit. Ut tempus purus at lorem. Integer pellentesque quam vel velit.","20"
"kAÍÿ§î‚~ŒYì×Ñ","T#@§	î‚~ŒYì×Ñ","11","257","Lorem ipsum dolor sit amet, consectetuer adipiscing elit. Ut tempus purus at lorem.","Lorem ipsum dolor sit amet, consectetuer adipiscing elit. Ut tempus purus at lorem. Integer pellentesque quam vel velit.","4"
"kB¥^§î‚~ŒYì×Ñ","T#@§	î‚~ŒYì×Ñ","MÅ¯stek PE 12","270","Lorem ipsum dolor sit amet, consectetuer adipiscing elit. Ut tempus purus at lorem.","Lorem ipsum dolor sit amet, consectetuer adipiscing elit. Ut tempus purus at lorem. Integer pellentesque quam vel velit.","7"
"kC¨§î‚~ŒYì×Ñ","T#@§	î‚~ŒYì×Ñ","MÅ¯stek PE 7","70","Lorem ipsum dolor sit amet, consectetuer adipiscing elit. Ut tempus purus at lorem.","Lorem ipsum dolor sit amet, consectetuer adipiscing elit. Ut tempus purus at lorem. Integer pellentesque quam vel velit.","71"
"kCqM§î‚~ŒYì×Ñ","T#@§	î‚~ŒYì×Ñ","NK/S06","140","Lorem ipsum dolor sit amet, consectetuer adipiscing elit. Ut tempus purus at lorem.","Lorem ipsum dolor sit amet, consectetuer adipiscing elit. Ut tempus purus at lorem. Integer pellentesque quam vel velit.","25"
"kD\
Á§î‚~ŒYì×Ñ","T#@§	î‚~ŒYì×Ñ","MÅ¯stek PE 7","250","Lorem ipsum dolor sit amet, consectetuer adipiscing elit. Ut tempus purus at lorem.","Lorem ipsum dolor sit amet, consectetuer adipiscing elit. Ut tempus purus at lorem. Integer pellentesque quam vel velit.","25"
"kDtÒ§î‚~ŒYì×Ñ","T#@§	î‚~ŒYì×Ñ","6","113","Lorem ipsum dolor sit amet, consectetuer adipiscing elit. Ut tempus purus at lorem.","Lorem ipsum dolor sit amet, consectetuer adipiscing elit. Ut tempus purus at lorem. Integer pellentesque quam vel velit.","1"
"kD¸>§î‚~ŒYì×Ñ","T#@§	î‚~ŒYì×Ñ","6","9","Lorem ipsum dolor sit amet, consectetuer adipiscing elit. Ut tempus purus at lorem.","Lorem ipsum dolor sit amet, consectetuer adipiscing elit. Ut tempus purus at lorem. Integer pellentesque quam vel velit.","21"
"kE‹§î‚~ŒYì×Ñ","T#@§	î‚~ŒYì×Ñ","MÅ¯stek N 12","36","Lorem ipsum dolor sit amet, consectetuer adipiscing elit. Ut tempus purus at lorem.","Lorem ipsum dolor sit amet, consectetuer adipiscing elit. Ut tempus purus at lorem. Integer pellentesque quam vel velit.","60"
"kEN?§î‚~ŒYì×Ñ","T#@§	î‚~ŒYì×Ñ","6","269","Lorem ipsum dolor sit amet, consectetuer adipiscing elit. Ut tempus purus at lorem.","Lorem ipsum dolor sit amet, consectetuer adipiscing elit. Ut tempus purus at lorem. Integer pellentesque quam vel velit.","100"
"kE§§î‚~ŒYì×Ñ","T#@§	î‚~ŒYì×Ñ","PEK/S06","291","Lorem ipsum dolor sit amet, consectetuer adipiscing elit. Ut tempus purus at lorem.","Lorem ipsum dolor sit amet, consectetuer adipiscing elit. Ut tempus purus at lorem. Integer pellentesque quam vel velit.","89"
"kE×¢§î‚~ŒYì×Ñ","T#@§	î‚~ŒYì×Ñ","11","105","Lorem ipsum dolor sit amet, consectetuer adipiscing elit. Ut tempus purus at lorem.","Lorem ipsum dolor sit amet, consectetuer adipiscing elit. Ut tempus purus at lorem. Integer pellentesque quam vel velit.","17"
"kF#A§î‚~ŒYì×Ñ","T#@§	î‚~ŒYì×Ñ","Svorky N Å¡roubovÃ©","207","Lorem ipsum dolor sit amet, consectetuer adipiscing elit. Ut tempus purus at lorem.","Lorem ipsum dolor sit amet, consectetuer adipiscing elit. Ut tempus purus at lorem. Integer pellentesque quam vel velit.","1"
"kF]0§î‚~ŒYì×Ñ","T#@§	î‚~ŒYì×Ñ","MÅ¯stek PE 7","224","Lorem ipsum dolor sit amet, consectetuer adipiscing elit. Ut tempus purus at lorem.","Lorem ipsum dolor sit amet, consectetuer adipiscing elit. Ut tempus purus at lorem. Integer pellentesque quam vel velit.","36"
"kFšR§î‚~ŒYì×Ñ","T#@§	î‚~ŒYì×Ñ","NK/S11","95","Lorem ipsum dolor sit amet, consectetuer adipiscing elit. Ut tempus purus at lorem.","Lorem ipsum dolor sit amet, consectetuer adipiscing elit. Ut tempus purus at lorem. Integer pellentesque quam vel velit.","0"
"kFâ§î‚~ŒYì×Ñ","T#@§	î‚~ŒYì×Ñ","NK/S11","168","Lorem ipsum dolor sit amet, consectetuer adipiscing elit. Ut tempus purus at lorem.","Lorem ipsum dolor sit amet, consectetuer adipiscing elit. Ut tempus purus at lorem. Integer pellentesque quam vel velit.","16"
"kG+Ñ§î‚~ŒYì×Ñ","T#@§	î‚~ŒYì×Ñ","Svorky N Å¡roubovÃ©","217","Lorem ipsum dolor sit amet, consectetuer adipiscing elit. Ut tempus purus at lorem.","Lorem ipsum dolor sit amet, consectetuer adipiscing elit. Ut tempus purus at lorem. Integer pellentesque quam vel velit.","32"
"kG‡,§î‚~ŒYì×Ñ","T#@§	î‚~ŒYì×Ñ","Svorky N Å¡roubovÃ©","60","Lorem ipsum dolor sit amet, consectetuer adipiscing elit. Ut tempus purus at lorem.","Lorem ipsum dolor sit amet, consectetuer adipiscing elit. Ut tempus purus at lorem. Integer pellentesque quam vel velit.","66"
"kG¼+§î‚~ŒYì×Ñ","T#@§	î‚~ŒYì×Ñ","NK/S06","271","Lorem ipsum dolor sit amet, consectetuer adipiscing elit. Ut tempus purus at lorem.","Lorem ipsum dolor sit amet, consectetuer adipiscing elit. Ut tempus purus at lorem. Integer pellentesque quam vel velit.","34"
"kHÖ§î‚~ŒYì×Ñ","T#@§	î‚~ŒYì×Ñ","MÅ¯stek PE 12","177","Lorem ipsum dolor sit amet, consectetuer adipiscing elit. Ut tempus purus at lorem.","Lorem ipsum dolor sit amet, consectetuer adipiscing elit. Ut tempus purus at lorem. Integer pellentesque quam vel velit.","86"
"kH6Ä§î‚~ŒYì×Ñ","T#@§	î‚~ŒYì×Ñ","MÅ¯stek PE 7","172","Lorem ipsum dolor sit amet, consectetuer adipiscing elit. Ut tempus purus at lorem.","Lorem ipsum dolor sit amet, consectetuer adipiscing elit. Ut tempus purus at lorem. Integer pellentesque quam vel velit.","78"
"kHmF§î‚~ŒYì×Ñ","T#@§	î‚~ŒYì×Ñ","MÅ¯stek N 12","260","Lorem ipsum dolor sit amet, consectetuer adipiscing elit. Ut tempus purus at lorem.","Lorem ipsum dolor sit amet, consectetuer adipiscing elit. Ut tempus purus at lorem. Integer pellentesque quam vel velit.","62"
"kH³³§î‚~ŒYì×Ñ","T#@§	î‚~ŒYì×Ñ","Svorky N Å¡roubovÃ©","209","Lorem ipsum dolor sit amet, consectetuer adipiscing elit. Ut tempus purus at lorem.","Lorem ipsum dolor sit amet, consectetuer adipiscing elit. Ut tempus purus at lorem. Integer pellentesque quam vel velit.","50"
"kHè´§î‚~ŒYì×Ñ","T#@§	î‚~ŒYì×Ñ","MÅ¯stek N 15","192","Lorem ipsum dolor sit amet, consectetuer adipiscing elit. Ut tempus purus at lorem.","Lorem ipsum dolor sit amet, consectetuer adipiscing elit. Ut tempus purus at lorem. Integer pellentesque quam vel velit.","96"
"kI/K§î‚~ŒYì×Ñ","T#@§	î‚~ŒYì×Ñ","PEK/S06","79","Lorem ipsum dolor sit amet, consectetuer adipiscing elit. Ut tempus purus at lorem.","Lorem ipsum dolor sit amet, consectetuer adipiscing elit. Ut tempus purus at lorem. Integer pellentesque quam vel velit.","10"
"kI\"§î‚~ŒYì×Ñ","T#@§	î‚~ŒYì×Ñ","6","215","Lorem ipsum dolor sit amet, consectetuer adipiscing elit. Ut tempus purus at lorem.","Lorem ipsum dolor sit amet, consectetuer adipiscing elit. Ut tempus purus at lorem. Integer pellentesque quam vel velit.","44"
"kIÊÉ§î‚~ŒYì×Ñ","T#@§	î‚~ŒYì×Ñ","Svorky N Å¡roubovÃ©","191","Lorem ipsum dolor sit amet, consectetuer adipiscing elit. Ut tempus purus at lorem.","Lorem ipsum dolor sit amet, consectetuer adipiscing elit. Ut tempus purus at lorem. Integer pellentesque quam vel velit.","99"
"kJô§î‚~ŒYì×Ñ","T#@§	î‚~ŒYì×Ñ","NK/S06","237","Lorem ipsum dolor sit amet, consectetuer adipiscing elit. Ut tempus purus at lorem.","Lorem ipsum dolor sit amet, consectetuer adipiscing elit. Ut tempus purus at lorem. Integer pellentesque quam vel velit.","92"
"kJT^§î‚~ŒYì×Ñ","T#@§	î‚~ŒYì×Ñ","Svorky PE Å¡roubovÃ©","246","Lorem ipsum dolor sit amet, consectetuer adipiscing elit. Ut tempus purus at lorem.","Lorem ipsum dolor sit amet, consectetuer adipiscing elit. Ut tempus purus at lorem. Integer pellentesque quam vel velit.","2"
"kJœ§î‚~ŒYì×Ñ","T#@§	î‚~ŒYì×Ñ","Svorky N Å¡roubovÃ©","297","Lorem ipsum dolor sit amet, consectetuer adipiscing elit. Ut tempus purus at lorem.","Lorem ipsum dolor sit amet, consectetuer adipiscing elit. Ut tempus purus at lorem. Integer pellentesque quam vel velit.","70"
"kJÑ,§î‚~ŒYì×Ñ","T#@§	î‚~ŒYì×Ñ","MÅ¯stek N 12","190","Lorem ipsum dolor sit amet, consectetuer adipiscing elit. Ut tempus purus at lorem.","Lorem ipsum dolor sit amet, consectetuer adipiscing elit. Ut tempus purus at lorem. Integer pellentesque quam vel velit.","46"
"kK§î‚~ŒYì×Ñ","T#@§	î‚~ŒYì×Ñ","NK/S06","157","Lorem ipsum dolor sit amet, consectetuer adipiscing elit. Ut tempus purus at lorem.","Lorem ipsum dolor sit amet, consectetuer adipiscing elit. Ut tempus purus at lorem. Integer pellentesque quam vel velit.","37"
"kK\\ë§î‚~ŒYì×Ñ","T#@§	î‚~ŒYì×Ñ","Svorky N Å¡roubovÃ©","8","Lorem ipsum dolor sit amet, consectetuer adipiscing elit. Ut tempus purus at lorem.","Lorem ipsum dolor sit amet, consectetuer adipiscing elit. Ut tempus purus at lorem. Integer pellentesque quam vel velit.","87"
"kKÆ©§î‚~ŒYì×Ñ","T#@§	î‚~ŒYì×Ñ","NK/S06","106","Lorem ipsum dolor sit amet, consectetuer adipiscing elit. Ut tempus purus at lorem.","Lorem ipsum dolor sit amet, consectetuer adipiscing elit. Ut tempus purus at lorem. Integer pellentesque quam vel velit.","7"
"kKı§î‚~ŒYì×Ñ","T#@§	î‚~ŒYì×Ñ","Svorky N Å¡roubovÃ©","202","Lorem ipsum dolor sit amet, consectetuer adipiscing elit. Ut tempus purus at lorem.","Lorem ipsum dolor sit amet, consectetuer adipiscing elit. Ut tempus purus at lorem. Integer pellentesque quam vel velit.","88"
"kLCÇ§î‚~ŒYì×Ñ","T#@§	î‚~ŒYì×Ñ","MÅ¯stek PE 7","205","Lorem ipsum dolor sit amet, consectetuer adipiscing elit. Ut tempus purus at lorem.","Lorem ipsum dolor sit amet, consectetuer adipiscing elit. Ut tempus purus at lorem. Integer pellentesque quam vel velit.","69"
"kL‡¥§î‚~ŒYì×Ñ","T#@§	î‚~ŒYì×Ñ","Svorky PE Å¡roubovÃ©","212","Lorem ipsum dolor sit amet, consectetuer adipiscing elit. Ut tempus purus at lorem.","Lorem ipsum dolor sit amet, consectetuer adipiscing elit. Ut tempus purus at lorem. Integer pellentesque quam vel velit.","3"
"kLĞR§î‚~ŒYì×Ñ","T#@§	î‚~ŒYì×Ñ","MÅ¯stek N 12","131","Lorem ipsum dolor sit amet, consectetuer adipiscing elit. Ut tempus purus at lorem.","Lorem ipsum dolor sit amet, consectetuer adipiscing elit. Ut tempus purus at lorem. Integer pellentesque quam vel velit.","91"
"kMæ§î‚~ŒYì×Ñ","T#@§	î‚~ŒYì×Ñ","MÅ¯stek N 12","113","Lorem ipsum dolor sit amet, consectetuer adipiscing elit. Ut tempus purus at lorem.","Lorem ipsum dolor sit amet, consectetuer adipiscing elit. Ut tempus purus at lorem. Integer pellentesque quam vel velit.","49"
"kM7d§î‚~ŒYì×Ñ","T#@§	î‚~ŒYì×Ñ","MÅ¯stek PE 12","80","Lorem ipsum dolor sit amet, consectetuer adipiscing elit. Ut tempus purus at lorem.","Lorem ipsum dolor sit amet, consectetuer adipiscing elit. Ut tempus purus at lorem. Integer pellentesque quam vel velit.","43"
"kM”§î‚~ŒYì×Ñ","T#@§	î‚~ŒYì×Ñ","MÅ¯stek PE 7","162","Lorem ipsum dolor sit amet, consectetuer adipiscing elit. Ut tempus purus at lorem.","Lorem ipsum dolor sit amet, consectetuer adipiscing elit. Ut tempus purus at lorem. Integer pellentesque quam vel velit.","15"
"kM´9§î‚~ŒYì×Ñ","T#@§	î‚~ŒYì×Ñ","NK/S06","96","Lorem ipsum dolor sit amet, consectetuer adipiscing elit. Ut tempus purus at lorem.","Lorem ipsum dolor sit amet, consectetuer adipiscing elit. Ut tempus purus at lorem. Integer pellentesque quam vel velit.","72"
"kMèX§î‚~ŒYì×Ñ","T#@§	î‚~ŒYì×Ñ","11","110","Lorem ipsum dolor sit amet, consectetuer adipiscing elit. Ut tempus purus at lorem.","Lorem ipsum dolor sit amet, consectetuer adipiscing elit. Ut tempus purus at lorem. Integer pellentesque quam vel velit.","96"
"kN0›§î‚~ŒYì×Ñ","T#@§	î‚~ŒYì×Ñ","NK/S11","210","Lorem ipsum dolor sit amet, consectetuer adipiscing elit. Ut tempus purus at lorem.","Lorem ipsum dolor sit amet, consectetuer adipiscing elit. Ut tempus purus at lorem. Integer pellentesque quam vel velit.","22"
"kNcH§î‚~ŒYì×Ñ","T#@§	î‚~ŒYì×Ñ","Svorky N Å¡roubovÃ©","180","Lorem ipsum dolor sit amet, consectetuer adipiscing elit. Ut tempus purus at lorem.","Lorem ipsum dolor sit amet, consectetuer adipiscing elit. Ut tempus purus at lorem. Integer pellentesque quam vel velit.","4"
"kNªg§î‚~ŒYì×Ñ","T#@§	î‚~ŒYì×Ñ","Svorky N Å¡roubovÃ©","216","Lorem ipsum dolor sit amet, consectetuer adipiscing elit. Ut tempus purus at lorem.","Lorem ipsum dolor sit amet, consectetuer adipiscing elit. Ut tempus purus at lorem. Integer pellentesque quam vel velit.","42"
"kNÿÇ§î‚~ŒYì×Ñ","T#@§	î‚~ŒYì×Ñ","11","124","Lorem ipsum dolor sit amet, consectetuer adipiscing elit. Ut tempus purus at lorem.","Lorem ipsum dolor sit amet, consectetuer adipiscing elit. Ut tempus purus at lorem. Integer pellentesque quam vel velit.","30"
"kOQ*§î‚~ŒYì×Ñ","T#@§	î‚~ŒYì×Ñ","Svorky N Å¡roubovÃ©","69","Lorem ipsum dolor sit amet, consectetuer adipiscing elit. Ut tempus purus at lorem.","Lorem ipsum dolor sit amet, consectetuer adipiscing elit. Ut tempus purus at lorem. Integer pellentesque quam vel velit.","5"
"kO‡ §î‚~ŒYì×Ñ","T#@§	î‚~ŒYì×Ñ","NK/S06","195","Lorem ipsum dolor sit amet, consectetuer adipiscing elit. Ut tempus purus at lorem.","Lorem ipsum dolor sit amet, consectetuer adipiscing elit. Ut tempus purus at lorem. Integer pellentesque quam vel velit.","44"
"kO¿.§î‚~ŒYì×Ñ","T#@§	î‚~ŒYì×Ñ","MÅ¯stek N 15","208","Lorem ipsum dolor sit amet, consectetuer adipiscing elit. Ut tempus purus at lorem.","Lorem ipsum dolor sit amet, consectetuer adipiscing elit. Ut tempus purus at lorem. Integer pellentesque quam vel velit.","95"
"kP§§î‚~ŒYì×Ñ","T#@§	î‚~ŒYì×Ñ","MÅ¯stek N 15","280","Lorem ipsum dolor sit amet, consectetuer adipiscing elit. Ut tempus purus at lorem.","Lorem ipsum dolor sit amet, consectetuer adipiscing elit. Ut tempus purus at lorem. Integer pellentesque quam vel velit.","43"
"~¥§î‚~ŒYì×Ñ","!ÌÙ`§î‚~ŒYì×Ñ","VodiÄ CY 6 svÄ›t.modrÃ½","19","Lorem ipsum dolor sit amet, consectetuer adipiscing elit. Ut tempus purus at lorem.","Lorem ipsum dolor sit amet, consectetuer adipiscing elit. Ut tempus purus at lorem. Integer pellentesque quam vel velit.","45"
"~6F§î‚~ŒYì×Ñ","!ÌÙ`§î‚~ŒYì×Ñ","VodiÄ CY 6 ÄernÃ½","56","Lorem ipsum dolor sit amet, consectetuer adipiscing elit. Ut tempus purus at lorem.","Lorem ipsum dolor sit amet, consectetuer adipiscing elit. Ut tempus purus at lorem. Integer pellentesque quam vel velit.","100"
"~ |§î‚~ŒYì×Ñ","!ÌÙ`§î‚~ŒYì×Ñ","50 bÃ­lÃ½","42","Lorem ipsum dolor sit amet, consectetuer adipiscing elit. Ut tempus purus at lorem.","Lorem ipsum dolor sit amet, consectetuer adipiscing elit. Ut tempus purus at lorem. Integer pellentesque quam vel velit.","53"
"~ø¯§î‚~ŒYì×Ñ","!ÌÙ`§î‚~ŒYì×Ñ","VodiÄ CY 6 svÄ›t.modrÃ½","37","Lorem ipsum dolor sit amet, consectetuer adipiscing elit. Ut tempus purus at lorem.","Lorem ipsum dolor sit amet, consectetuer adipiscing elit. Ut tempus purus at lorem. Integer pellentesque quam vel velit.","45"
"~T´§î‚~ŒYì×Ñ","!ÌÙ`§î‚~ŒYì×Ñ","VodiÄ CY 0","77","Lorem ipsum dolor sit amet, consectetuer adipiscing elit. Ut tempus purus at lorem.","Lorem ipsum dolor sit amet, consectetuer adipiscing elit. Ut tempus purus at lorem. Integer pellentesque quam vel velit.","58"
"~¹×§î‚~ŒYì×Ñ","!ÌÙ`§î‚~ŒYì×Ñ","VodiÄ CY 6 svÄ›t.modrÃ½","78","Lorem ipsum dolor sit amet, consectetuer adipiscing elit. Ut tempus purus at lorem.","Lorem ipsum dolor sit amet, consectetuer adipiscing elit. Ut tempus purus at lorem. Integer pellentesque quam vel velit.","41"
"~ô§î‚~ŒYì×Ñ","!ÌÙ`§î‚~ŒYì×Ñ","VodiÄ CY 6 ÄernÃ½","45","Lorem ipsum dolor sit amet, consectetuer adipiscing elit. Ut tempus purus at lorem.","Lorem ipsum dolor sit amet, consectetuer adipiscing elit. Ut tempus purus at lorem. Integer pellentesque quam vel velit.","76"
"~\\ï§î‚~ŒYì×Ñ","!ÌÙ`§î‚~ŒYì×Ñ","50 bÃ­lÃ½","69","Lorem ipsum dolor sit amet, consectetuer adipiscing elit. Ut tempus purus at lorem.","Lorem ipsum dolor sit amet, consectetuer adipiscing elit. Ut tempus purus at lorem. Integer pellentesque quam vel velit.","30"
"~¯m§î‚~ŒYì×Ñ","!ÌÙ`§î‚~ŒYì×Ñ","5 zel.Å¾lu.","5","Lorem ipsum dolor sit amet, consectetuer adipiscing elit. Ut tempus purus at lorem.","Lorem ipsum dolor sit amet, consectetuer adipiscing elit. Ut tempus purus at lorem. Integer pellentesque quam vel velit.","56"
"~åx§î‚~ŒYì×Ñ","!ÌÙ`§î‚~ŒYì×Ñ","5 zel.Å¾lu.","36","Lorem ipsum dolor sit amet, consectetuer adipiscing elit. Ut tempus purus at lorem.","Lorem ipsum dolor sit amet, consectetuer adipiscing elit. Ut tempus purus at lorem. Integer pellentesque quam vel velit.","64"
"~¯§î‚~ŒYì×Ñ","!ÌÙ`§î‚~ŒYì×Ñ","VodiÄ CY 6 ÄernÃ½","44","Lorem ipsum dolor sit amet, consectetuer adipiscing elit. Ut tempus purus at lorem.","Lorem ipsum dolor sit amet, consectetuer adipiscing elit. Ut tempus purus at lorem. Integer pellentesque quam vel velit.","78"
"~]Ş§î‚~ŒYì×Ñ","!ÌÙ`§î‚~ŒYì×Ñ","VodiÄ CY 6 svÄ›t.modrÃ½","99","Lorem ipsum dolor sit amet, consectetuer adipiscing elit. Ut tempus purus at lorem.","Lorem ipsum dolor sit amet, consectetuer adipiscing elit. Ut tempus purus at lorem. Integer pellentesque quam vel velit.","7"
"~´§î‚~ŒYì×Ñ","!ÌÙ`§î‚~ŒYì×Ñ","VodiÄ CY 6 svÄ›t.modrÃ½","14","Lorem ipsum dolor sit amet, consectetuer adipiscing elit. Ut tempus purus at lorem.","Lorem ipsum dolor sit amet, consectetuer adipiscing elit. Ut tempus purus at lorem. Integer pellentesque quam vel velit.","99"
"~×€§î‚~ŒYì×Ñ","!ÌÙ`§î‚~ŒYì×Ñ","5 zel.Å¾lu.","57","Lorem ipsum dolor sit amet, consectetuer adipiscing elit. Ut tempus purus at lorem.","Lorem ipsum dolor sit amet, consectetuer adipiscing elit. Ut tempus purus at lorem. Integer pellentesque quam vel velit.","56"
"~	[§î‚~ŒYì×Ñ","!ÌÙ`§î‚~ŒYì×Ñ","VodiÄ CY 6 svÄ›t.modrÃ½","6","Lorem ipsum dolor sit amet, consectetuer adipiscing elit. Ut tempus purus at lorem.","Lorem ipsum dolor sit amet, consectetuer adipiscing elit. Ut tempus purus at lorem. Integer pellentesque quam vel velit.","49"
"~9[§î‚~ŒYì×Ñ","!ÌÙ`§î‚~ŒYì×Ñ","VodiÄ CY 6 ÄernÃ½","27","Lorem ipsum dolor sit amet, consectetuer adipiscing elit. Ut tempus purus at lorem.","Lorem ipsum dolor sit amet, consectetuer adipiscing elit. Ut tempus purus at lorem. Integer pellentesque quam vel velit.","58"
"~€’§î‚~ŒYì×Ñ","!ÌÙ`§î‚~ŒYì×Ñ","50 bÃ­lÃ½","5","Lorem ipsum dolor sit amet, consectetuer adipiscing elit. Ut tempus purus at lorem.","Lorem ipsum dolor sit amet, consectetuer adipiscing elit. Ut tempus purus at lorem. Integer pellentesque quam vel velit.","71"
"~³ø§î‚~ŒYì×Ñ","!ÌÙ`§î‚~ŒYì×Ñ","VodiÄ CY 6 ÄernÃ½","30","Lorem ipsum dolor sit amet, consectetuer adipiscing elit. Ut tempus purus at lorem.","Lorem ipsum dolor sit amet, consectetuer adipiscing elit. Ut tempus purus at lorem. Integer pellentesque quam vel velit.","52"
"~åv§î‚~ŒYì×Ñ","!ÌÙ`§î‚~ŒYì×Ñ","5 zel.Å¾lu.","48","Lorem ipsum dolor sit amet, consectetuer adipiscing elit. Ut tempus purus at lorem.","Lorem ipsum dolor sit amet, consectetuer adipiscing elit. Ut tempus purus at lorem. Integer pellentesque quam vel velit.","45"
"~Ké§î‚~ŒYì×Ñ","!ÌÙ`§î‚~ŒYì×Ñ","VodiÄ CY 0","65","Lorem ipsum dolor sit amet, consectetuer adipiscing elit. Ut tempus purus at lorem.","Lorem ipsum dolor sit amet, consectetuer adipiscing elit. Ut tempus purus at lorem. Integer pellentesque quam vel velit.","59"
"~}Â§î‚~ŒYì×Ñ","!ÌÙ`§î‚~ŒYì×Ñ","VodiÄ CY 6 svÄ›t.modrÃ½","52","Lorem ipsum dolor sit amet, consectetuer adipiscing elit. Ut tempus purus at lorem.","Lorem ipsum dolor sit amet, consectetuer adipiscing elit. Ut tempus purus at lorem. Integer pellentesque quam vel velit.","40"
"~Ã'§î‚~ŒYì×Ñ","!ÌÙ`§î‚~ŒYì×Ñ","VodiÄ CY 6 ÄernÃ½","18","Lorem ipsum dolor sit amet, consectetuer adipiscing elit. Ut tempus purus at lorem.","Lorem ipsum dolor sit amet, consectetuer adipiscing elit. Ut tempus purus at lorem. Integer pellentesque quam vel velit.","15"
"~ôÚ§î‚~ŒYì×Ñ","!ÌÙ`§î‚~ŒYì×Ñ","VodiÄ CYA 1","12","Lorem ipsum dolor sit amet, consectetuer adipiscing elit. Ut tempus purus at lorem.","Lorem ipsum dolor sit amet, consectetuer adipiscing elit. Ut tempus purus at lorem. Integer pellentesque quam vel velit.","27"
"~&Ò§î‚~ŒYì×Ñ","!ÌÙ`§î‚~ŒYì×Ñ","VodiÄ CY 0","13","Lorem ipsum dolor sit amet, consectetuer adipiscing elit. Ut tempus purus at lorem.","Lorem ipsum dolor sit amet, consectetuer adipiscing elit. Ut tempus purus at lorem. Integer pellentesque quam vel velit.","81"
"~n§î‚~ŒYì×Ñ","!ÌÙ`§î‚~ŒYì×Ñ","VodiÄ CY 6 svÄ›t.modrÃ½","86","Lorem ipsum dolor sit amet, consectetuer adipiscing elit. Ut tempus purus at lorem.","Lorem ipsum dolor sit amet, consectetuer adipiscing elit. Ut tempus purus at lorem. Integer pellentesque quam vel velit.","77"
"~¡ª§î‚~ŒYì×Ñ","!ÌÙ`§î‚~ŒYì×Ñ","5 zel.Å¾lu.","8","Lorem ipsum dolor sit amet, consectetuer adipiscing elit. Ut tempus purus at lorem.","Lorem ipsum dolor sit amet, consectetuer adipiscing elit. Ut tempus purus at lorem. Integer pellentesque quam vel velit.","74"
"~éK§î‚~ŒYì×Ñ","!ÌÙ`§î‚~ŒYì×Ñ","50 bÃ­lÃ½","88","Lorem ipsum dolor sit amet, consectetuer adipiscing elit. Ut tempus purus at lorem.","Lorem ipsum dolor sit amet, consectetuer adipiscing elit. Ut tempus purus at lorem. Integer pellentesque quam vel velit.","54"
"~	“§î‚~ŒYì×Ñ","!ÌÙ`§î‚~ŒYì×Ñ","50 bÃ­lÃ½","35","Lorem ipsum dolor sit amet, consectetuer adipiscing elit. Ut tempus purus at lorem.","Lorem ipsum dolor sit amet, consectetuer adipiscing elit. Ut tempus purus at lorem. Integer pellentesque quam vel velit.","54"
"~	MF§î‚~ŒYì×Ñ","!ÌÙ`§î‚~ŒYì×Ñ","VodiÄ CY 6 svÄ›t.modrÃ½","11","Lorem ipsum dolor sit amet, consectetuer adipiscing elit. Ut tempus purus at lorem.","Lorem ipsum dolor sit amet, consectetuer adipiscing elit. Ut tempus purus at lorem. Integer pellentesque quam vel velit.","71"
"~	‘Ô§î‚~ŒYì×Ñ","!ÌÙ`§î‚~ŒYì×Ñ","VodiÄ CY 0","88","Lorem ipsum dolor sit amet, consectetuer adipiscing elit. Ut tempus purus at lorem.","Lorem ipsum dolor sit amet, consectetuer adipiscing elit. Ut tempus purus at lorem. Integer pellentesque quam vel velit.","18"
"~	Äº§î‚~ŒYì×Ñ","!ÌÙ`§î‚~ŒYì×Ñ","VodiÄ CY 6 svÄ›t.modrÃ½","14","Lorem ipsum dolor sit amet, consectetuer adipiscing elit. Ut tempus purus at lorem.","Lorem ipsum dolor sit amet, consectetuer adipiscing elit. Ut tempus purus at lorem. Integer pellentesque quam vel velit.","35"
"~\
)À§î‚~ŒYì×Ñ","!ÌÙ`§î‚~ŒYì×Ñ","VodiÄ CY 6 svÄ›t.modrÃ½","86","Lorem ipsum dolor sit amet, consectetuer adipiscing elit. Ut tempus purus at lorem.","Lorem ipsum dolor sit amet, consectetuer adipiscing elit. Ut tempus purus at lorem. Integer pellentesque quam vel velit.","67"
"~\
mõ§î‚~ŒYì×Ñ","!ÌÙ`§î‚~ŒYì×Ñ","VodiÄ CY 6 ÄernÃ½","30","Lorem ipsum dolor sit amet, consectetuer adipiscing elit. Ut tempus purus at lorem.","Lorem ipsum dolor sit amet, consectetuer adipiscing elit. Ut tempus purus at lorem. Integer pellentesque quam vel velit.","43"
"~\
 Ş§î‚~ŒYì×Ñ","!ÌÙ`§î‚~ŒYì×Ñ","VodiÄ CY 6 ÄernÃ½","26","Lorem ipsum dolor sit amet, consectetuer adipiscing elit. Ut tempus purus at lorem.","Lorem ipsum dolor sit amet, consectetuer adipiscing elit. Ut tempus purus at lorem. Integer pellentesque quam vel velit.","47"
"~\
ïf§î‚~ŒYì×Ñ","!ÌÙ`§î‚~ŒYì×Ñ","VodiÄ CYA 1","84","Lorem ipsum dolor sit amet, consectetuer adipiscing elit. Ut tempus purus at lorem.","Lorem ipsum dolor sit amet, consectetuer adipiscing elit. Ut tempus purus at lorem. Integer pellentesque quam vel velit.","96"
"~!§î‚~ŒYì×Ñ","!ÌÙ`§î‚~ŒYì×Ñ","5 zel.Å¾lu.","6","Lorem ipsum dolor sit amet, consectetuer adipiscing elit. Ut tempus purus at lorem.","Lorem ipsum dolor sit amet, consectetuer adipiscing elit. Ut tempus purus at lorem. Integer pellentesque quam vel velit.","75"
"~fâ§î‚~ŒYì×Ñ","!ÌÙ`§î‚~ŒYì×Ñ","5 zel.Å¾lu.","34","Lorem ipsum dolor sit amet, consectetuer adipiscing elit. Ut tempus purus at lorem.","Lorem ipsum dolor sit amet, consectetuer adipiscing elit. Ut tempus purus at lorem. Integer pellentesque quam vel velit.","70"
"~›7§î‚~ŒYì×Ñ","!ÌÙ`§î‚~ŒYì×Ñ","50 bÃ­lÃ½","28","Lorem ipsum dolor sit amet, consectetuer adipiscing elit. Ut tempus purus at lorem.","Lorem ipsum dolor sit amet, consectetuer adipiscing elit. Ut tempus purus at lorem. Integer pellentesque quam vel velit.","71"
"~Ï§î‚~ŒYì×Ñ","!ÌÙ`§î‚~ŒYì×Ñ","VodiÄ CY 6 svÄ›t.modrÃ½","64","Lorem ipsum dolor sit amet, consectetuer adipiscing elit. Ut tempus purus at lorem.","Lorem ipsum dolor sit amet, consectetuer adipiscing elit. Ut tempus purus at lorem. Integer pellentesque quam vel velit.","12"
"~$§î‚~ŒYì×Ñ","!ÌÙ`§î‚~ŒYì×Ñ","VodiÄ CY 6 ÄernÃ½","73","Lorem ipsum dolor sit amet, consectetuer adipiscing elit. Ut tempus purus at lorem.","Lorem ipsum dolor sit amet, consectetuer adipiscing elit. Ut tempus purus at lorem. Integer pellentesque quam vel velit.","84"
"~Hµ§î‚~ŒYì×Ñ","!ÌÙ`§î‚~ŒYì×Ñ","5 zel.Å¾lu.","11","Lorem ipsum dolor sit amet, consectetuer adipiscing elit. Ut tempus purus at lorem.","Lorem ipsum dolor sit amet, consectetuer adipiscing elit. Ut tempus purus at lorem. Integer pellentesque quam vel velit.","9"
"~’l§î‚~ŒYì×Ñ","!ÌÙ`§î‚~ŒYì×Ñ","VodiÄ CYA 1","89","Lorem ipsum dolor sit amet, consectetuer adipiscing elit. Ut tempus purus at lorem.","Lorem ipsum dolor sit amet, consectetuer adipiscing elit. Ut tempus purus at lorem. Integer pellentesque quam vel velit.","21"
"~Æ6§î‚~ŒYì×Ñ","!ÌÙ`§î‚~ŒYì×Ñ","5 zel.Å¾lu.","78","Lorem ipsum dolor sit amet, consectetuer adipiscing elit. Ut tempus purus at lorem.","Lorem ipsum dolor sit amet, consectetuer adipiscing elit. Ut tempus purus at lorem. Integer pellentesque quam vel velit.","33"
"~ü§î‚~ŒYì×Ñ","!ÌÙ`§î‚~ŒYì×Ñ","5 zel.Å¾lu.","72","Lorem ipsum dolor sit amet, consectetuer adipiscing elit. Ut tempus purus at lorem.","Lorem ipsum dolor sit amet, consectetuer adipiscing elit. Ut tempus purus at lorem. Integer pellentesque quam vel velit.","44"
"~f§î‚~ŒYì×Ñ","!ÌÙ`§î‚~ŒYì×Ñ","VodiÄ CY 0","8","Lorem ipsum dolor sit amet, consectetuer adipiscing elit. Ut tempus purus at lorem.","Lorem ipsum dolor sit amet, consectetuer adipiscing elit. Ut tempus purus at lorem. Integer pellentesque quam vel velit.","64"
"~›ˆ§î‚~ŒYì×Ñ","!ÌÙ`§î‚~ŒYì×Ñ","VodiÄ CY 0","15","Lorem ipsum dolor sit amet, consectetuer adipiscing elit. Ut tempus purus at lorem.","Lorem ipsum dolor sit amet, consectetuer adipiscing elit. Ut tempus purus at lorem. Integer pellentesque quam vel velit.","87"
"~â\"§î‚~ŒYì×Ñ","!ÌÙ`§î‚~ŒYì×Ñ","VodiÄ CY 6 svÄ›t.modrÃ½","60","Lorem ipsum dolor sit amet, consectetuer adipiscing elit. Ut tempus purus at lorem.","Lorem ipsum dolor sit amet, consectetuer adipiscing elit. Ut tempus purus at lorem. Integer pellentesque quam vel velit.","85"
"~ §î‚~ŒYì×Ñ","!ÌÙ`§î‚~ŒYì×Ñ","VodiÄ CYA 1","11","Lorem ipsum dolor sit amet, consectetuer adipiscing elit. Ut tempus purus at lorem.","Lorem ipsum dolor sit amet, consectetuer adipiscing elit. Ut tempus purus at lorem. Integer pellentesque quam vel velit.","0"
"~Ie§î‚~ŒYì×Ñ","!ÌÙ`§î‚~ŒYì×Ñ","VodiÄ CY 0","96","Lorem ipsum dolor sit amet, consectetuer adipiscing elit. Ut tempus purus at lorem.","Lorem ipsum dolor sit amet, consectetuer adipiscing elit. Ut tempus purus at lorem. Integer pellentesque quam vel velit.","41"
"~§î‚~ŒYì×Ñ","!ÌÙ`§î‚~ŒYì×Ñ","VodiÄ CY 6 svÄ›t.modrÃ½","84","Lorem ipsum dolor sit amet, consectetuer adipiscing elit. Ut tempus purus at lorem.","Lorem ipsum dolor sit amet, consectetuer adipiscing elit. Ut tempus purus at lorem. Integer pellentesque quam vel velit.","20"
"ôyª§î‚~ŒYì×Ñ","×¤Ö§î‚~ŒYì×Ñ","Svorka WAGO 2273-202 2x2.5","26","Lorem ipsum dolor sit amet, consectetuer adipiscing elit. Ut tempus purus at lorem.","Lorem ipsum dolor sit amet, consectetuer adipiscing elit. Ut tempus purus at lorem. Integer pellentesque quam vel velit.","8"
"õY\"§î‚~ŒYì×Ñ","×¤Ö§î‚~ŒYì×Ñ","Svorka WAGO 221-412","49","Lorem ipsum dolor sit amet, consectetuer adipiscing elit. Ut tempus purus at lorem.","Lorem ipsum dolor sit amet, consectetuer adipiscing elit. Ut tempus purus at lorem. Integer pellentesque quam vel velit.","67"
"öü§î‚~ŒYì×Ñ","×¤Ö§î‚~ŒYì×Ñ","Svorka WAGO 2273-204 4x2.5","42","Lorem ipsum dolor sit amet, consectetuer adipiscing elit. Ut tempus purus at lorem.","Lorem ipsum dolor sit amet, consectetuer adipiscing elit. Ut tempus purus at lorem. Integer pellentesque quam vel velit.","85"
"ö~Æ§î‚~ŒYì×Ñ","×¤Ö§î‚~ŒYì×Ñ","Svorka WAGO 2273-202 2x2.5","16","Lorem ipsum dolor sit amet, consectetuer adipiscing elit. Ut tempus purus at lorem.","Lorem ipsum dolor sit amet, consectetuer adipiscing elit. Ut tempus purus at lorem. Integer pellentesque quam vel velit.","90"
"öÚL§î‚~ŒYì×Ñ","×¤Ö§î‚~ŒYì×Ñ","Svorka WAGO 221-412","20","Lorem ipsum dolor sit amet, consectetuer adipiscing elit. Ut tempus purus at lorem.","Lorem ipsum dolor sit amet, consectetuer adipiscing elit. Ut tempus purus at lorem. Integer pellentesque quam vel velit.","72"
"÷&˜§î‚~ŒYì×Ñ","×¤Ö§î‚~ŒYì×Ñ","Svorka WAGO 2273-202 2x2.5","31","Lorem ipsum dolor sit amet, consectetuer adipiscing elit. Ut tempus purus at lorem.","Lorem ipsum dolor sit amet, consectetuer adipiscing elit. Ut tempus purus at lorem. Integer pellentesque quam vel velit.","17"
"÷„§î‚~ŒYì×Ñ","×¤Ö§î‚~ŒYì×Ñ","Svorka WAGO 221-412","29","Lorem ipsum dolor sit amet, consectetuer adipiscing elit. Ut tempus purus at lorem.","Lorem ipsum dolor sit amet, consectetuer adipiscing elit. Ut tempus purus at lorem. Integer pellentesque quam vel velit.","33"
"÷Êd§î‚~ŒYì×Ñ","×¤Ö§î‚~ŒYì×Ñ","Svorka WAGO 2273-202 2x2.5","17","Lorem ipsum dolor sit amet, consectetuer adipiscing elit. Ut tempus purus at lorem.","Lorem ipsum dolor sit amet, consectetuer adipiscing elit. Ut tempus purus at lorem. Integer pellentesque quam vel velit.","89"
"ø §î‚~ŒYì×Ñ","×¤Ö§î‚~ŒYì×Ñ","Svorka WAGO 2273-204 4x2.5","29","Lorem ipsum dolor sit amet, consectetuer adipiscing elit. Ut tempus purus at lorem.","Lorem ipsum dolor sit amet, consectetuer adipiscing elit. Ut tempus purus at lorem. Integer pellentesque quam vel velit.","76"
"øl¾§î‚~ŒYì×Ñ","×¤Ö§î‚~ŒYì×Ñ","Svorka WAGO 221-412","35","Lorem ipsum dolor sit amet, consectetuer adipiscing elit. Ut tempus purus at lorem.","Lorem ipsum dolor sit amet, consectetuer adipiscing elit. Ut tempus purus at lorem. Integer pellentesque quam vel velit.","18"
"øÃ­§î‚~ŒYì×Ñ","×¤Ö§î‚~ŒYì×Ñ","Svorka WAGO 2273-202 2x2.5","46","Lorem ipsum dolor sit amet, consectetuer adipiscing elit. Ut tempus purus at lorem.","Lorem ipsum dolor sit amet, consectetuer adipiscing elit. Ut tempus purus at lorem. Integer pellentesque quam vel velit.","95"
"ù‚§î‚~ŒYì×Ñ","×¤Ö§î‚~ŒYì×Ñ","Svorka WAGO 221-412","11","Lorem ipsum dolor sit amet, consectetuer adipiscing elit. Ut tempus purus at lorem.","Lorem ipsum dolor sit amet, consectetuer adipiscing elit. Ut tempus purus at lorem. Integer pellentesque quam vel velit.","38"
"ù\\§î‚~ŒYì×Ñ","×¤Ö§î‚~ŒYì×Ñ","Svorka WAGO 221-412","35","Lorem ipsum dolor sit amet, consectetuer adipiscing elit. Ut tempus purus at lorem.","Lorem ipsum dolor sit amet, consectetuer adipiscing elit. Ut tempus purus at lorem. Integer pellentesque quam vel velit.","47"
"ù—Ì§î‚~ŒYì×Ñ","×¤Ö§î‚~ŒYì×Ñ","Svorka WAGO 221-412","28","Lorem ipsum dolor sit amet, consectetuer adipiscing elit. Ut tempus purus at lorem.","Lorem ipsum dolor sit amet, consectetuer adipiscing elit. Ut tempus purus at lorem. Integer pellentesque quam vel velit.","28"
"ùïè§î‚~ŒYì×Ñ","×¤Ö§î‚~ŒYì×Ñ","Svorka WAGO 221-2411 s pÃ¡Äkou","17","Lorem ipsum dolor sit amet, consectetuer adipiscing elit. Ut tempus purus at lorem.","Lorem ipsum dolor sit amet, consectetuer adipiscing elit. Ut tempus purus at lorem. Integer pellentesque quam vel velit.","20"
"úMŸ§î‚~ŒYì×Ñ","×¤Ö§î‚~ŒYì×Ñ","Svorka WAGO 2273-204 4x2.5","34","Lorem ipsum dolor sit amet, consectetuer adipiscing elit. Ut tempus purus at lorem.","Lorem ipsum dolor sit amet, consectetuer adipiscing elit. Ut tempus purus at lorem. Integer pellentesque quam vel velit.","71"
"ú¤v§î‚~ŒYì×Ñ","×¤Ö§î‚~ŒYì×Ñ","Svorka WAGO 221-412","18","Lorem ipsum dolor sit amet, consectetuer adipiscing elit. Ut tempus purus at lorem.","Lorem ipsum dolor sit amet, consectetuer adipiscing elit. Ut tempus purus at lorem. Integer pellentesque quam vel velit.","94"
"úè¸§î‚~ŒYì×Ñ","×¤Ö§î‚~ŒYì×Ñ","Svorka WAGO 221-2411 s pÃ¡Äkou","1","Lorem ipsum dolor sit amet, consectetuer adipiscing elit. Ut tempus purus at lorem.","Lorem ipsum dolor sit amet, consectetuer adipiscing elit. Ut tempus purus at lorem. Integer pellentesque quam vel velit.","12"
"ûF§î‚~ŒYì×Ñ","×¤Ö§î‚~ŒYì×Ñ","Svorka WAGO 2273-204 4x2.5","46","Lorem ipsum dolor sit amet, consectetuer adipiscing elit. Ut tempus purus at lorem.","Lorem ipsum dolor sit amet, consectetuer adipiscing elit. Ut tempus purus at lorem. Integer pellentesque quam vel velit.","51"
"û„i§î‚~ŒYì×Ñ","×¤Ö§î‚~ŒYì×Ñ","Svorka WAGO 2273-202 2x2.5","12","Lorem ipsum dolor sit amet, consectetuer adipiscing elit. Ut tempus purus at lorem.","Lorem ipsum dolor sit amet, consectetuer adipiscing elit. Ut tempus purus at lorem. Integer pellentesque quam vel velit.","79"
"ûÑ¼§î‚~ŒYì×Ñ","×¤Ö§î‚~ŒYì×Ñ","Svorka WAGO 221-2411 s pÃ¡Äkou","31","Lorem ipsum dolor sit amet, consectetuer adipiscing elit. Ut tempus purus at lorem.","Lorem ipsum dolor sit amet, consectetuer adipiscing elit. Ut tempus purus at lorem. Integer pellentesque quam vel velit.","77"
"üt§î‚~ŒYì×Ñ","×¤Ö§î‚~ŒYì×Ñ","Svorka WAGO 2273-204 4x2.5","25","Lorem ipsum dolor sit amet, consectetuer adipiscing elit. Ut tempus purus at lorem.","Lorem ipsum dolor sit amet, consectetuer adipiscing elit. Ut tempus purus at lorem. Integer pellentesque quam vel velit.","0"
"üi6§î‚~ŒYì×Ñ","×¤Ö§î‚~ŒYì×Ñ","Svorka WAGO 2273-204 4x2.5","30","Lorem ipsum dolor sit amet, consectetuer adipiscing elit. Ut tempus purus at lorem.","Lorem ipsum dolor sit amet, consectetuer adipiscing elit. Ut tempus purus at lorem. Integer pellentesque quam vel velit.","87"
"ü¢k§î‚~ŒYì×Ñ","×¤Ö§î‚~ŒYì×Ñ","Svorka WAGO 221-2411 s pÃ¡Äkou","30","Lorem ipsum dolor sit amet, consectetuer adipiscing elit. Ut tempus purus at lorem.","Lorem ipsum dolor sit amet, consectetuer adipiscing elit. Ut tempus purus at lorem. Integer pellentesque quam vel velit.","96"
"üò§î‚~ŒYì×Ñ","×¤Ö§î‚~ŒYì×Ñ","Svorka WAGO 2273-204 4x2.5","13","Lorem ipsum dolor sit amet, consectetuer adipiscing elit. Ut tempus purus at lorem.","Lorem ipsum dolor sit amet, consectetuer adipiscing elit. Ut tempus purus at lorem. Integer pellentesque quam vel velit.","59"
"ı7(§î‚~ŒYì×Ñ","×¤Ö§î‚~ŒYì×Ñ","Svorka WAGO 221-2411 s pÃ¡Äkou","9","Lorem ipsum dolor sit amet, consectetuer adipiscing elit. Ut tempus purus at lorem.","Lorem ipsum dolor sit amet, consectetuer adipiscing elit. Ut tempus purus at lorem. Integer pellentesque quam vel velit.","36"
"ıë§î‚~ŒYì×Ñ","×¤Ö§î‚~ŒYì×Ñ","Svorka WAGO 221-412","36","Lorem ipsum dolor sit amet, consectetuer adipiscing elit. Ut tempus purus at lorem.","Lorem ipsum dolor sit amet, consectetuer adipiscing elit. Ut tempus purus at lorem. Integer pellentesque quam vel velit.","1"
"ıÜÜ§î‚~ŒYì×Ñ","×¤Ö§î‚~ŒYì×Ñ","Svorka WAGO 2273-202 2x2.5","19","Lorem ipsum dolor sit amet, consectetuer adipiscing elit. Ut tempus purus at lorem.","Lorem ipsum dolor sit amet, consectetuer adipiscing elit. Ut tempus purus at lorem. Integer pellentesque quam vel velit.","48"
"ş)§î‚~ŒYì×Ñ","×¤Ö§î‚~ŒYì×Ñ","Svorka WAGO 2273-204 4x2.5","38","Lorem ipsum dolor sit amet, consectetuer adipiscing elit. Ut tempus purus at lorem.","Lorem ipsum dolor sit amet, consectetuer adipiscing elit. Ut tempus purus at lorem. Integer pellentesque quam vel velit.","68"
"şğ¯§î‚~ŒYì×Ñ","×¤Ö§î‚~ŒYì×Ñ","Svorka WAGO 221-412","32","Lorem ipsum dolor sit amet, consectetuer adipiscing elit. Ut tempus purus at lorem.","Lorem ipsum dolor sit amet, consectetuer adipiscing elit. Ut tempus purus at lorem. Integer pellentesque quam vel velit.","43"
"ÿyO§î‚~ŒYì×Ñ","×¤Ö§î‚~ŒYì×Ñ","Svorka WAGO 2273-204 4x2.5","31","Lorem ipsum dolor sit amet, consectetuer adipiscing elit. Ut tempus purus at lorem.","Lorem ipsum dolor sit amet, consectetuer adipiscing elit. Ut tempus purus at lorem. Integer pellentesque quam vel velit.","3"
"ÿ´6§î‚~ŒYì×Ñ","×¤Ö§î‚~ŒYì×Ñ","Svorka WAGO 2273-204 4x2.5","40","Lorem ipsum dolor sit amet, consectetuer adipiscing elit. Ut tempus purus at lorem.","Lorem ipsum dolor sit amet, consectetuer adipiscing elit. Ut tempus purus at lorem. Integer pellentesque quam vel velit.","58"
"ÿÿ—§î‚~ŒYì×Ñ","×¤Ö§î‚~ŒYì×Ñ","Svorka WAGO 2273-202 2x2.5","31","Lorem ipsum dolor sit amet, consectetuer adipiscing elit. Ut tempus purus at lorem.","Lorem ipsum dolor sit amet, consectetuer adipiscing elit. Ut tempus purus at lorem. Integer pellentesque quam vel velit.","52"
"\04w§î‚~ŒYì×Ñ","×¤Ö§î‚~ŒYì×Ñ","Svorka WAGO 2273-204 4x2.5","46","Lorem ipsum dolor sit amet, consectetuer adipiscing elit. Ut tempus purus at lorem.","Lorem ipsum dolor sit amet, consectetuer adipiscing elit. Ut tempus purus at lorem. Integer pellentesque quam vel velit.","99"
"\0jl§î‚~ŒYì×Ñ","×¤Ö§î‚~ŒYì×Ñ","Svorka WAGO 221-412","37","Lorem ipsum dolor sit amet, consectetuer adipiscing elit. Ut tempus purus at lorem.","Lorem ipsum dolor sit amet, consectetuer adipiscing elit. Ut tempus purus at lorem. Integer pellentesque quam vel velit.","15"
"\0³S§î‚~ŒYì×Ñ","×¤Ö§î‚~ŒYì×Ñ","Svorka WAGO 221-412","14","Lorem ipsum dolor sit amet, consectetuer adipiscing elit. Ut tempus purus at lorem.","Lorem ipsum dolor sit amet, consectetuer adipiscing elit. Ut tempus purus at lorem. Integer pellentesque quam vel velit.","82"
"\0ç§î‚~ŒYì×Ñ","×¤Ö§î‚~ŒYì×Ñ","Svorka WAGO 2273-204 4x2.5","10","Lorem ipsum dolor sit amet, consectetuer adipiscing elit. Ut tempus purus at lorem.","Lorem ipsum dolor sit amet, consectetuer adipiscing elit. Ut tempus purus at lorem. Integer pellentesque quam vel velit.","37"
"/1§î‚~ŒYì×Ñ","×¤Ö§î‚~ŒYì×Ñ","Svorka WAGO 2273-204 4x2.5","18","Lorem ipsum dolor sit amet, consectetuer adipiscing elit. Ut tempus purus at lorem.","Lorem ipsum dolor sit amet, consectetuer adipiscing elit. Ut tempus purus at lorem. Integer pellentesque quam vel velit.","47"
"e®§î‚~ŒYì×Ñ","×¤Ö§î‚~ŒYì×Ñ","Svorka WAGO 221-2411 s pÃ¡Äkou","2","Lorem ipsum dolor sit amet, consectetuer adipiscing elit. Ut tempus purus at lorem.","Lorem ipsum dolor sit amet, consectetuer adipiscing elit. Ut tempus purus at lorem. Integer pellentesque quam vel velit.","34"
"»+§î‚~ŒYì×Ñ","×¤Ö§î‚~ŒYì×Ñ","Svorka WAGO 221-2411 s pÃ¡Äkou","39","Lorem ipsum dolor sit amet, consectetuer adipiscing elit. Ut tempus purus at lorem.","Lorem ipsum dolor sit amet, consectetuer adipiscing elit. Ut tempus purus at lorem. Integer pellentesque quam vel velit.","61"
"0§î‚~ŒYì×Ñ","×¤Ö§î‚~ŒYì×Ñ","Svorka WAGO 2273-204 4x2.5","46","Lorem ipsum dolor sit amet, consectetuer adipiscing elit. Ut tempus purus at lorem.","Lorem ipsum dolor sit amet, consectetuer adipiscing elit. Ut tempus purus at lorem. Integer pellentesque quam vel velit.","23"
"<Ò§î‚~ŒYì×Ñ","×¤Ö§î‚~ŒYì×Ñ","Svorka WAGO 221-2411 s pÃ¡Äkou","26","Lorem ipsum dolor sit amet, consectetuer adipiscing elit. Ut tempus purus at lorem.","Lorem ipsum dolor sit amet, consectetuer adipiscing elit. Ut tempus purus at lorem. Integer pellentesque quam vel velit.","25"
"“§î‚~ŒYì×Ñ","×¤Ö§î‚~ŒYì×Ñ","Svorka WAGO 2273-202 2x2.5","16","Lorem ipsum dolor sit amet, consectetuer adipiscing elit. Ut tempus purus at lorem.","Lorem ipsum dolor sit amet, consectetuer adipiscing elit. Ut tempus purus at lorem. Integer pellentesque quam vel velit.","30"
"ÖT§î‚~ŒYì×Ñ","×¤Ö§î‚~ŒYì×Ñ","Svorka WAGO 2273-204 4x2.5","42","Lorem ipsum dolor sit amet, consectetuer adipiscing elit. Ut tempus purus at lorem.","Lorem ipsum dolor sit amet, consectetuer adipiscing elit. Ut tempus purus at lorem. Integer pellentesque quam vel velit.","90"
"ˆ§î‚~ŒYì×Ñ","×¤Ö§î‚~ŒYì×Ñ","Svorka WAGO 221-2411 s pÃ¡Äkou","18","Lorem ipsum dolor sit amet, consectetuer adipiscing elit. Ut tempus purus at lorem.","Lorem ipsum dolor sit amet, consectetuer adipiscing elit. Ut tempus purus at lorem. Integer pellentesque quam vel velit.","34"
"Tı§î‚~ŒYì×Ñ","×¤Ö§î‚~ŒYì×Ñ","Svorka WAGO 221-412","46","Lorem ipsum dolor sit amet, consectetuer adipiscing elit. Ut tempus purus at lorem.","Lorem ipsum dolor sit amet, consectetuer adipiscing elit. Ut tempus purus at lorem. Integer pellentesque quam vel velit.","99"
"ò§î‚~ŒYì×Ñ","×¤Ö§î‚~ŒYì×Ñ","Svorka WAGO 221-2411 s pÃ¡Äkou","14","Lorem ipsum dolor sit amet, consectetuer adipiscing elit. Ut tempus purus at lorem.","Lorem ipsum dolor sit amet, consectetuer adipiscing elit. Ut tempus purus at lorem. Integer pellentesque quam vel velit.","57"
"ÓG§î‚~ŒYì×Ñ","×¤Ö§î‚~ŒYì×Ñ","Svorka WAGO 2273-204 4x2.5","32","Lorem ipsum dolor sit amet, consectetuer adipiscing elit. Ut tempus purus at lorem.","Lorem ipsum dolor sit amet, consectetuer adipiscing elit. Ut tempus purus at lorem. Integer pellentesque quam vel velit.","85"
"‹§î‚~ŒYì×Ñ","×¤Ö§î‚~ŒYì×Ñ","Svorka WAGO 2273-202 2x2.5","32","Lorem ipsum dolor sit amet, consectetuer adipiscing elit. Ut tempus purus at lorem.","Lorem ipsum dolor sit amet, consectetuer adipiscing elit. Ut tempus purus at lorem. Integer pellentesque quam vel velit.","91"
"`Ì§î‚~ŒYì×Ñ","×¤Ö§î‚~ŒYì×Ñ","Svorka WAGO 2273-202 2x2.5","11","Lorem ipsum dolor sit amet, consectetuer adipiscing elit. Ut tempus purus at lorem.","Lorem ipsum dolor sit amet, consectetuer adipiscing elit. Ut tempus purus at lorem. Integer pellentesque quam vel velit.","22"
"ØÛ”§	î‚~ŒYì×Ñ","»ÑÖ§î‚~ŒYì×Ñ","VodiÄ CYA 0","31","Lorem ipsum dolor sit amet, consectetuer adipiscing elit. Ut tempus purus at lorem.","Lorem ipsum dolor sit amet, consectetuer adipiscing elit. Ut tempus purus at lorem. Integer pellentesque quam vel velit.","80"
"ØÕ&§	î‚~ŒYì×Ñ","»ÑÖ§î‚~ŒYì×Ñ","5 tmav.modrÃ½(H07V-K)","16","Lorem ipsum dolor sit amet, consectetuer adipiscing elit. Ut tempus purus at lorem.","Lorem ipsum dolor sit amet, consectetuer adipiscing elit. Ut tempus purus at lorem. Integer pellentesque quam vel velit.","9"
"Ø§Ô§	î‚~ŒYì×Ñ","»ÑÖ§î‚~ŒYì×Ñ","VodiÄ CYA 6 svÄ›t.modrÃ½(H07V-K)","4","Lorem ipsum dolor sit amet, consectetuer adipiscing elit. Ut tempus purus at lorem.","Lorem ipsum dolor sit amet, consectetuer adipiscing elit. Ut tempus purus at lorem. Integer pellentesque quam vel velit.","73"
"Øù§	î‚~ŒYì×Ñ","»ÑÖ§î‚~ŒYì×Ñ","VodiÄ CYA 4 ÄernÃ½ (H07V-K)","74","Lorem ipsum dolor sit amet, consectetuer adipiscing elit. Ut tempus purus at lorem.","Lorem ipsum dolor sit amet, consectetuer adipiscing elit. Ut tempus purus at lorem. Integer pellentesque quam vel velit.","90"
"Ø„^§	î‚~ŒYì×Ñ","»ÑÖ§î‚~ŒYì×Ñ","VodiÄ CYA 6 svÄ›t.modrÃ½(H07V-K)","56","Lorem ipsum dolor sit amet, consectetuer adipiscing elit. Ut tempus purus at lorem.","Lorem ipsum dolor sit amet, consectetuer adipiscing elit. Ut tempus purus at lorem. Integer pellentesque quam vel velit.","7"
"ØÍ´§	î‚~ŒYì×Ñ","»ÑÖ§î‚~ŒYì×Ñ","VodiÄ CYA 0","67","Lorem ipsum dolor sit amet, consectetuer adipiscing elit. Ut tempus purus at lorem.","Lorem ipsum dolor sit amet, consectetuer adipiscing elit. Ut tempus purus at lorem. Integer pellentesque quam vel velit.","64"
"Ø&†§	î‚~ŒYì×Ñ","»ÑÖ§î‚~ŒYì×Ñ","VodiÄ CYA 6 svÄ›t.modrÃ½(H07V-K)","99","Lorem ipsum dolor sit amet, consectetuer adipiscing elit. Ut tempus purus at lorem.","Lorem ipsum dolor sit amet, consectetuer adipiscing elit. Ut tempus purus at lorem. Integer pellentesque quam vel velit.","92"
"Ø…Æ§	î‚~ŒYì×Ñ","»ÑÖ§î‚~ŒYì×Ñ","5 zel.Å¾lu.","29","Lorem ipsum dolor sit amet, consectetuer adipiscing elit. Ut tempus purus at lorem.","Lorem ipsum dolor sit amet, consectetuer adipiscing elit. Ut tempus purus at lorem. Integer pellentesque quam vel velit.","72"
"Øü§	î‚~ŒYì×Ñ","»ÑÖ§î‚~ŒYì×Ñ","VodiÄ CYA 4 ÄernÃ½ (H07V-K)","70","Lorem ipsum dolor sit amet, consectetuer adipiscing elit. Ut tempus purus at lorem.","Lorem ipsum dolor sit amet, consectetuer adipiscing elit. Ut tempus purus at lorem. Integer pellentesque quam vel velit.","69"
"ØI|§	î‚~ŒYì×Ñ","»ÑÖ§î‚~ŒYì×Ñ","50 rudÃ½ (H05V-K)","2","Lorem ipsum dolor sit amet, consectetuer adipiscing elit. Ut tempus purus at lorem.","Lorem ipsum dolor sit amet, consectetuer adipiscing elit. Ut tempus purus at lorem. Integer pellentesque quam vel velit.","43"
"Ø†Ğ§	î‚~ŒYì×Ñ","»ÑÖ§î‚~ŒYì×Ñ","50 rudÃ½ (H05V-K)","107","Lorem ipsum dolor sit amet, consectetuer adipiscing elit. Ut tempus purus at lorem.","Lorem ipsum dolor sit amet, consectetuer adipiscing elit. Ut tempus purus at lorem. Integer pellentesque quam vel velit.","33"
"ØØÃ§	î‚~ŒYì×Ñ","»ÑÖ§î‚~ŒYì×Ñ","VodiÄ CYA 1","114","Lorem ipsum dolor sit amet, consectetuer adipiscing elit. Ut tempus purus at lorem.","Lorem ipsum dolor sit amet, consectetuer adipiscing elit. Ut tempus purus at lorem. Integer pellentesque quam vel velit.","36"
"ØY§	î‚~ŒYì×Ñ","»ÑÖ§î‚~ŒYì×Ñ","VodiÄ CYA 0","33","Lorem ipsum dolor sit amet, consectetuer adipiscing elit. Ut tempus purus at lorem.","Lorem ipsum dolor sit amet, consectetuer adipiscing elit. Ut tempus purus at lorem. Integer pellentesque quam vel velit.","87"
"Øsw§	î‚~ŒYì×Ñ","»ÑÖ§î‚~ŒYì×Ñ","VodiÄ CYA 1","16","Lorem ipsum dolor sit amet, consectetuer adipiscing elit. Ut tempus purus at lorem.","Lorem ipsum dolor sit amet, consectetuer adipiscing elit. Ut tempus purus at lorem. Integer pellentesque quam vel velit.","43"
"Ø¯½§	î‚~ŒYì×Ñ","»ÑÖ§î‚~ŒYì×Ñ","VodiÄ CYA 6 svÄ›t.modrÃ½(H07V-K)","86","Lorem ipsum dolor sit amet, consectetuer adipiscing elit. Ut tempus purus at lorem.","Lorem ipsum dolor sit amet, consectetuer adipiscing elit. Ut tempus purus at lorem. Integer pellentesque quam vel velit.","38"
"Øşİ§	î‚~ŒYì×Ñ","»ÑÖ§î‚~ŒYì×Ñ","VodiÄ CYA 1","86","Lorem ipsum dolor sit amet, consectetuer adipiscing elit. Ut tempus purus at lorem.","Lorem ipsum dolor sit amet, consectetuer adipiscing elit. Ut tempus purus at lorem. Integer pellentesque quam vel velit.","36"
"ØËN§	î‚~ŒYì×Ñ","»ÑÖ§î‚~ŒYì×Ñ","VodiÄ CYA 0","118","Lorem ipsum dolor sit amet, consectetuer adipiscing elit. Ut tempus purus at lorem.","Lorem ipsum dolor sit amet, consectetuer adipiscing elit. Ut tempus purus at lorem. Integer pellentesque quam vel velit.","51"
"Ø§	î‚~ŒYì×Ñ","»ÑÖ§î‚~ŒYì×Ñ","5 zel.Å¾lu.","35","Lorem ipsum dolor sit amet, consectetuer adipiscing elit. Ut tempus purus at lorem.","Lorem ipsum dolor sit amet, consectetuer adipiscing elit. Ut tempus purus at lorem. Integer pellentesque quam vel velit.","0"
"ØcD§	î‚~ŒYì×Ñ","»ÑÖ§î‚~ŒYì×Ñ","VodiÄ CYA 1","123","Lorem ipsum dolor sit amet, consectetuer adipiscing elit. Ut tempus purus at lorem.","Lorem ipsum dolor sit amet, consectetuer adipiscing elit. Ut tempus purus at lorem. Integer pellentesque quam vel velit.","83"
"Ø®E§	î‚~ŒYì×Ñ","»ÑÖ§î‚~ŒYì×Ñ","5 tmav.modrÃ½(H07V-K)","109","Lorem ipsum dolor sit amet, consectetuer adipiscing elit. Ut tempus purus at lorem.","Lorem ipsum dolor sit amet, consectetuer adipiscing elit. Ut tempus purus at lorem. Integer pellentesque quam vel velit.","60"
"Øø§	î‚~ŒYì×Ñ","»ÑÖ§î‚~ŒYì×Ñ","VodiÄ CYA 1","129","Lorem ipsum dolor sit amet, consectetuer adipiscing elit. Ut tempus purus at lorem.","Lorem ipsum dolor sit amet, consectetuer adipiscing elit. Ut tempus purus at lorem. Integer pellentesque quam vel velit.","11"
"Ø-§	î‚~ŒYì×Ñ","»ÑÖ§î‚~ŒYì×Ñ","5 tmav.modrÃ½(H07V-K)","49","Lorem ipsum dolor sit amet, consectetuer adipiscing elit. Ut tempus purus at lorem.","Lorem ipsum dolor sit amet, consectetuer adipiscing elit. Ut tempus purus at lorem. Integer pellentesque quam vel velit.","100"
"ØtÒ§	î‚~ŒYì×Ñ","»ÑÖ§î‚~ŒYì×Ñ","VodiÄ CYA 1","86","Lorem ipsum dolor sit amet, consectetuer adipiscing elit. Ut tempus purus at lorem.","Lorem ipsum dolor sit amet, consectetuer adipiscing elit. Ut tempus purus at lorem. Integer pellentesque quam vel velit.","40"
"Ø­´§	î‚~ŒYì×Ñ","»ÑÖ§î‚~ŒYì×Ñ","50 rudÃ½ (H05V-K)","93","Lorem ipsum dolor sit amet, consectetuer adipiscing elit. Ut tempus purus at lorem.","Lorem ipsum dolor sit amet, consectetuer adipiscing elit. Ut tempus purus at lorem. Integer pellentesque quam vel velit.","27"
"ØıO§	î‚~ŒYì×Ñ","»ÑÖ§î‚~ŒYì×Ñ","5 tmav.modrÃ½(H07V-K)","105","Lorem ipsum dolor sit amet, consectetuer adipiscing elit. Ut tempus purus at lorem.","Lorem ipsum dolor sit amet, consectetuer adipiscing elit. Ut tempus purus at lorem. Integer pellentesque quam vel velit.","86"
"Ø 8€§	î‚~ŒYì×Ñ","»ÑÖ§î‚~ŒYì×Ñ","5 tmav.modrÃ½(H07V-K)","58","Lorem ipsum dolor sit amet, consectetuer adipiscing elit. Ut tempus purus at lorem.","Lorem ipsum dolor sit amet, consectetuer adipiscing elit. Ut tempus purus at lorem. Integer pellentesque quam vel velit.","88"
"Ø •Ç§	î‚~ŒYì×Ñ","»ÑÖ§î‚~ŒYì×Ñ","50 rudÃ½ (H05V-K)","28","Lorem ipsum dolor sit amet, consectetuer adipiscing elit. Ut tempus purus at lorem.","Lorem ipsum dolor sit amet, consectetuer adipiscing elit. Ut tempus purus at lorem. Integer pellentesque quam vel velit.","1"
"Ø çô§	î‚~ŒYì×Ñ","»ÑÖ§î‚~ŒYì×Ñ","50 rudÃ½ (H05V-K)","108","Lorem ipsum dolor sit amet, consectetuer adipiscing elit. Ut tempus purus at lorem.","Lorem ipsum dolor sit amet, consectetuer adipiscing elit. Ut tempus purus at lorem. Integer pellentesque quam vel velit.","87"
"Ø!2¤§	î‚~ŒYì×Ñ","»ÑÖ§î‚~ŒYì×Ñ","VodiÄ CYA 4 ÄernÃ½ (H07V-K)","130","Lorem ipsum dolor sit amet, consectetuer adipiscing elit. Ut tempus purus at lorem.","Lorem ipsum dolor sit amet, consectetuer adipiscing elit. Ut tempus purus at lorem. Integer pellentesque quam vel velit.","4"
"Ø!l§	î‚~ŒYì×Ñ","»ÑÖ§î‚~ŒYì×Ñ","50 rudÃ½ (H05V-K)","120","Lorem ipsum dolor sit amet, consectetuer adipiscing elit. Ut tempus purus at lorem.","Lorem ipsum dolor sit amet, consectetuer adipiscing elit. Ut tempus purus at lorem. Integer pellentesque quam vel velit.","61"
"Ø!âe§	î‚~ŒYì×Ñ","»ÑÖ§î‚~ŒYì×Ñ","5 tmav.modrÃ½(H07V-K)","14","Lorem ipsum dolor sit amet, consectetuer adipiscing elit. Ut tempus purus at lorem.","Lorem ipsum dolor sit amet, consectetuer adipiscing elit. Ut tempus purus at lorem. Integer pellentesque quam vel velit.","5"
"Ø\"H§	î‚~ŒYì×Ñ","»ÑÖ§î‚~ŒYì×Ñ","5 tmav.modrÃ½(H07V-K)","22","Lorem ipsum dolor sit amet, consectetuer adipiscing elit. Ut tempus purus at lorem.","Lorem ipsum dolor sit amet, consectetuer adipiscing elit. Ut tempus purus at lorem. Integer pellentesque quam vel velit.","34"
"Ø\"_§	î‚~ŒYì×Ñ","»ÑÖ§î‚~ŒYì×Ñ","VodiÄ CYA 1","90","Lorem ipsum dolor sit amet, consectetuer adipiscing elit. Ut tempus purus at lorem.","Lorem ipsum dolor sit amet, consectetuer adipiscing elit. Ut tempus purus at lorem. Integer pellentesque quam vel velit.","60"
"Ø\"“›§	î‚~ŒYì×Ñ","»ÑÖ§î‚~ŒYì×Ñ","VodiÄ CYA 1","60","Lorem ipsum dolor sit amet, consectetuer adipiscing elit. Ut tempus purus at lorem.","Lorem ipsum dolor sit amet, consectetuer adipiscing elit. Ut tempus purus at lorem. Integer pellentesque quam vel velit.","69"
"Ø\"Ùß§	î‚~ŒYì×Ñ","»ÑÖ§î‚~ŒYì×Ñ","VodiÄ CYA 1","27","Lorem ipsum dolor sit amet, consectetuer adipiscing elit. Ut tempus purus at lorem.","Lorem ipsum dolor sit amet, consectetuer adipiscing elit. Ut tempus purus at lorem. Integer pellentesque quam vel velit.","67"
"Ø# §	î‚~ŒYì×Ñ","»ÑÖ§î‚~ŒYì×Ñ","5 tmav.modrÃ½(H07V-K)","110","Lorem ipsum dolor sit amet, consectetuer adipiscing elit. Ut tempus purus at lorem.","Lorem ipsum dolor sit amet, consectetuer adipiscing elit. Ut tempus purus at lorem. Integer pellentesque quam vel velit.","57"
"Ø#Wb§	î‚~ŒYì×Ñ","»ÑÖ§î‚~ŒYì×Ñ","VodiÄ CYA 6 svÄ›t.modrÃ½(H07V-K)","44","Lorem ipsum dolor sit amet, consectetuer adipiscing elit. Ut tempus purus at lorem.","Lorem ipsum dolor sit amet, consectetuer adipiscing elit. Ut tempus purus at lorem. Integer pellentesque quam vel velit.","41"
"Ø#Ã§	î‚~ŒYì×Ñ","»ÑÖ§î‚~ŒYì×Ñ","VodiÄ CYA 6 svÄ›t.modrÃ½(H07V-K)","45","Lorem ipsum dolor sit amet, consectetuer adipiscing elit. Ut tempus purus at lorem.","Lorem ipsum dolor sit amet, consectetuer adipiscing elit. Ut tempus purus at lorem. Integer pellentesque quam vel velit.","81"
"Ø#ù	§	î‚~ŒYì×Ñ","»ÑÖ§î‚~ŒYì×Ñ","VodiÄ CYA 1","59","Lorem ipsum dolor sit amet, consectetuer adipiscing elit. Ut tempus purus at lorem.","Lorem ipsum dolor sit amet, consectetuer adipiscing elit. Ut tempus purus at lorem. Integer pellentesque quam vel velit.","38"
"Ø$B§	î‚~ŒYì×Ñ","»ÑÖ§î‚~ŒYì×Ñ","VodiÄ CYA 1","6","Lorem ipsum dolor sit amet, consectetuer adipiscing elit. Ut tempus purus at lorem.","Lorem ipsum dolor sit amet, consectetuer adipiscing elit. Ut tempus purus at lorem. Integer pellentesque quam vel velit.","13"
"Ø$…Á§	î‚~ŒYì×Ñ","»ÑÖ§î‚~ŒYì×Ñ","VodiÄ CYA 0","102","Lorem ipsum dolor sit amet, consectetuer adipiscing elit. Ut tempus purus at lorem.","Lorem ipsum dolor sit amet, consectetuer adipiscing elit. Ut tempus purus at lorem. Integer pellentesque quam vel velit.","42"
"Ø$¾§	î‚~ŒYì×Ñ","»ÑÖ§î‚~ŒYì×Ñ","VodiÄ CYA 6 svÄ›t.modrÃ½(H07V-K)","65","Lorem ipsum dolor sit amet, consectetuer adipiscing elit. Ut tempus purus at lorem.","Lorem ipsum dolor sit amet, consectetuer adipiscing elit. Ut tempus purus at lorem. Integer pellentesque quam vel velit.","78"
"Ø%3§	î‚~ŒYì×Ñ","»ÑÖ§î‚~ŒYì×Ñ","5 tmav.modrÃ½(H07V-K)","91","Lorem ipsum dolor sit amet, consectetuer adipiscing elit. Ut tempus purus at lorem.","Lorem ipsum dolor sit amet, consectetuer adipiscing elit. Ut tempus purus at lorem. Integer pellentesque quam vel velit.","55"
"Ø%Uí§	î‚~ŒYì×Ñ","»ÑÖ§î‚~ŒYì×Ñ","VodiÄ CYA 0","107","Lorem ipsum dolor sit amet, consectetuer adipiscing elit. Ut tempus purus at lorem.","Lorem ipsum dolor sit amet, consectetuer adipiscing elit. Ut tempus purus at lorem. Integer pellentesque quam vel velit.","25"
"Ø%R§	î‚~ŒYì×Ñ","»ÑÖ§î‚~ŒYì×Ñ","50 rudÃ½ (H05V-K)","90","Lorem ipsum dolor sit amet, consectetuer adipiscing elit. Ut tempus purus at lorem.","Lorem ipsum dolor sit amet, consectetuer adipiscing elit. Ut tempus purus at lorem. Integer pellentesque quam vel velit.","32"
"Ø%Ó§	î‚~ŒYì×Ñ","»ÑÖ§î‚~ŒYì×Ñ","VodiÄ CYA 6 svÄ›t.modrÃ½(H07V-K)","40","Lorem ipsum dolor sit amet, consectetuer adipiscing elit. Ut tempus purus at lorem.","Lorem ipsum dolor sit amet, consectetuer adipiscing elit. Ut tempus purus at lorem. Integer pellentesque quam vel velit.","77"
"Ø&e§	î‚~ŒYì×Ñ","»ÑÖ§î‚~ŒYì×Ñ","5 zel.Å¾lu.","46","Lorem ipsum dolor sit amet, consectetuer adipiscing elit. Ut tempus purus at lorem.","Lorem ipsum dolor sit amet, consectetuer adipiscing elit. Ut tempus purus at lorem. Integer pellentesque quam vel velit.","82"
"Ø&OÇ§	î‚~ŒYì×Ñ","»ÑÖ§î‚~ŒYì×Ñ","VodiÄ CYA 1","82","Lorem ipsum dolor sit amet, consectetuer adipiscing elit. Ut tempus purus at lorem.","Lorem ipsum dolor sit amet, consectetuer adipiscing elit. Ut tempus purus at lorem. Integer pellentesque quam vel velit.","66"
"Ø&…ã§	î‚~ŒYì×Ñ","»ÑÖ§î‚~ŒYì×Ñ","50 rudÃ½ (H05V-K)","76","Lorem ipsum dolor sit amet, consectetuer adipiscing elit. Ut tempus purus at lorem.","Lorem ipsum dolor sit amet, consectetuer adipiscing elit. Ut tempus purus at lorem. Integer pellentesque quam vel velit.","69"
"Ø&ÌÛ§	î‚~ŒYì×Ñ","»ÑÖ§î‚~ŒYì×Ñ","VodiÄ CYA 0","14","Lorem ipsum dolor sit amet, consectetuer adipiscing elit. Ut tempus purus at lorem.","Lorem ipsum dolor sit amet, consectetuer adipiscing elit. Ut tempus purus at lorem. Integer pellentesque quam vel velit.","64"
"ğÀ¶§î‚~ŒYì×Ñ","»ÑÖ§î‚~ŒYì×Ñ","VodiÄ CYA 0","31","Lorem ipsum dolor sit amet, consectetuer adipiscing elit. Ut tempus purus at lorem.","Lorem ipsum dolor sit amet, consectetuer adipiscing elit. Ut tempus purus at lorem. Integer pellentesque quam vel velit.","80"
"ğÁ‚ô§î‚~ŒYì×Ñ","»ÑÖ§î‚~ŒYì×Ñ","5 tmav.modrÃ½(H07V-K)","16","Lorem ipsum dolor sit amet, consectetuer adipiscing elit. Ut tempus purus at lorem.","Lorem ipsum dolor sit amet, consectetuer adipiscing elit. Ut tempus purus at lorem. Integer pellentesque quam vel velit.","9"
"ğÁòè§î‚~ŒYì×Ñ","»ÑÖ§î‚~ŒYì×Ñ","VodiÄ CYA 6 svÄ›t.modrÃ½(H07V-K)","4","Lorem ipsum dolor sit amet, consectetuer adipiscing elit. Ut tempus purus at lorem.","Lorem ipsum dolor sit amet, consectetuer adipiscing elit. Ut tempus purus at lorem. Integer pellentesque quam vel velit.","73"
"ğÂEÎ§î‚~ŒYì×Ñ","»ÑÖ§î‚~ŒYì×Ñ","VodiÄ CYA 4 ÄernÃ½ (H07V-K)","74","Lorem ipsum dolor sit amet, consectetuer adipiscing elit. Ut tempus purus at lorem.","Lorem ipsum dolor sit amet, consectetuer adipiscing elit. Ut tempus purus at lorem. Integer pellentesque quam vel velit.","90"
"ğÂÊB§î‚~ŒYì×Ñ","»ÑÖ§î‚~ŒYì×Ñ","VodiÄ CYA 6 svÄ›t.modrÃ½(H07V-K)","56","Lorem ipsum dolor sit amet, consectetuer adipiscing elit. Ut tempus purus at lorem.","Lorem ipsum dolor sit amet, consectetuer adipiscing elit. Ut tempus purus at lorem. Integer pellentesque quam vel velit.","7"
"ğÃf1§î‚~ŒYì×Ñ","»ÑÖ§î‚~ŒYì×Ñ","VodiÄ CYA 0","67","Lorem ipsum dolor sit amet, consectetuer adipiscing elit. Ut tempus purus at lorem.","Lorem ipsum dolor sit amet, consectetuer adipiscing elit. Ut tempus purus at lorem. Integer pellentesque quam vel velit.","64"
"ğÃ¸‰§î‚~ŒYì×Ñ","»ÑÖ§î‚~ŒYì×Ñ","VodiÄ CYA 6 svÄ›t.modrÃ½(H07V-K)","99","Lorem ipsum dolor sit amet, consectetuer adipiscing elit. Ut tempus purus at lorem.","Lorem ipsum dolor sit amet, consectetuer adipiscing elit. Ut tempus purus at lorem. Integer pellentesque quam vel velit.","92"
"ğÄƒ§î‚~ŒYì×Ñ","»ÑÖ§î‚~ŒYì×Ñ","5 zel.Å¾lu.","29","Lorem ipsum dolor sit amet, consectetuer adipiscing elit. Ut tempus purus at lorem.","Lorem ipsum dolor sit amet, consectetuer adipiscing elit. Ut tempus purus at lorem. Integer pellentesque quam vel velit.","72"
"ğÄY§î‚~ŒYì×Ñ","»ÑÖ§î‚~ŒYì×Ñ","VodiÄ CYA 4 ÄernÃ½ (H07V-K)","70","Lorem ipsum dolor sit amet, consectetuer adipiscing elit. Ut tempus purus at lorem.","Lorem ipsum dolor sit amet, consectetuer adipiscing elit. Ut tempus purus at lorem. Integer pellentesque quam vel velit.","69"
"ğÄ¡6§î‚~ŒYì×Ñ","»ÑÖ§î‚~ŒYì×Ñ","50 rudÃ½ (H05V-K)","2","Lorem ipsum dolor sit amet, consectetuer adipiscing elit. Ut tempus purus at lorem.","Lorem ipsum dolor sit amet, consectetuer adipiscing elit. Ut tempus purus at lorem. Integer pellentesque quam vel velit.","43"
"ğÄ÷Ñ§î‚~ŒYì×Ñ","»ÑÖ§î‚~ŒYì×Ñ","50 rudÃ½ (H05V-K)","107","Lorem ipsum dolor sit amet, consectetuer adipiscing elit. Ut tempus purus at lorem.","Lorem ipsum dolor sit amet, consectetuer adipiscing elit. Ut tempus purus at lorem. Integer pellentesque quam vel velit.","33"
"ğÅD¬§î‚~ŒYì×Ñ","»ÑÖ§î‚~ŒYì×Ñ","VodiÄ CYA 1","114","Lorem ipsum dolor sit amet, consectetuer adipiscing elit. Ut tempus purus at lorem.","Lorem ipsum dolor sit amet, consectetuer adipiscing elit. Ut tempus purus at lorem. Integer pellentesque quam vel velit.","36"
"ğÅ–§î‚~ŒYì×Ñ","»ÑÖ§î‚~ŒYì×Ñ","VodiÄ CYA 0","33","Lorem ipsum dolor sit amet, consectetuer adipiscing elit. Ut tempus purus at lorem.","Lorem ipsum dolor sit amet, consectetuer adipiscing elit. Ut tempus purus at lorem. Integer pellentesque quam vel velit.","87"
"ğÅôÊ§î‚~ŒYì×Ñ","»ÑÖ§î‚~ŒYì×Ñ","VodiÄ CYA 1","16","Lorem ipsum dolor sit amet, consectetuer adipiscing elit. Ut tempus purus at lorem.","Lorem ipsum dolor sit amet, consectetuer adipiscing elit. Ut tempus purus at lorem. Integer pellentesque quam vel velit.","43"
"ğÆC2§î‚~ŒYì×Ñ","»ÑÖ§î‚~ŒYì×Ñ","VodiÄ CYA 6 svÄ›t.modrÃ½(H07V-K)","86","Lorem ipsum dolor sit amet, consectetuer adipiscing elit. Ut tempus purus at lorem.","Lorem ipsum dolor sit amet, consectetuer adipiscing elit. Ut tempus purus at lorem. Integer pellentesque quam vel velit.","38"
"ğÆ~§î‚~ŒYì×Ñ","»ÑÖ§î‚~ŒYì×Ñ","VodiÄ CYA 1","86","Lorem ipsum dolor sit amet, consectetuer adipiscing elit. Ut tempus purus at lorem.","Lorem ipsum dolor sit amet, consectetuer adipiscing elit. Ut tempus purus at lorem. Integer pellentesque quam vel velit.","36"
"ğÆÚµ§î‚~ŒYì×Ñ","»ÑÖ§î‚~ŒYì×Ñ","VodiÄ CYA 0","118","Lorem ipsum dolor sit amet, consectetuer adipiscing elit. Ut tempus purus at lorem.","Lorem ipsum dolor sit amet, consectetuer adipiscing elit. Ut tempus purus at lorem. Integer pellentesque quam vel velit.","51"
"ğÇ§î‚~ŒYì×Ñ","»ÑÖ§î‚~ŒYì×Ñ","5 zel.Å¾lu.","35","Lorem ipsum dolor sit amet, consectetuer adipiscing elit. Ut tempus purus at lorem.","Lorem ipsum dolor sit amet, consectetuer adipiscing elit. Ut tempus purus at lorem. Integer pellentesque quam vel velit.","0"
"ğÇa§î‚~ŒYì×Ñ","»ÑÖ§î‚~ŒYì×Ñ","VodiÄ CYA 1","123","Lorem ipsum dolor sit amet, consectetuer adipiscing elit. Ut tempus purus at lorem.","Lorem ipsum dolor sit amet, consectetuer adipiscing elit. Ut tempus purus at lorem. Integer pellentesque quam vel velit.","83"
"ğÇš½§î‚~ŒYì×Ñ","»ÑÖ§î‚~ŒYì×Ñ","5 tmav.modrÃ½(H07V-K)","109","Lorem ipsum dolor sit amet, consectetuer adipiscing elit. Ut tempus purus at lorem.","Lorem ipsum dolor sit amet, consectetuer adipiscing elit. Ut tempus purus at lorem. Integer pellentesque quam vel velit.","60"
"ğÇç_§î‚~ŒYì×Ñ","»ÑÖ§î‚~ŒYì×Ñ","VodiÄ CYA 1","129","Lorem ipsum dolor sit amet, consectetuer adipiscing elit. Ut tempus purus at lorem.","Lorem ipsum dolor sit amet, consectetuer adipiscing elit. Ut tempus purus at lorem. Integer pellentesque quam vel velit.","11"
"ğÈ%4§î‚~ŒYì×Ñ","»ÑÖ§î‚~ŒYì×Ñ","5 tmav.modrÃ½(H07V-K)","49","Lorem ipsum dolor sit amet, consectetuer adipiscing elit. Ut tempus purus at lorem.","Lorem ipsum dolor sit amet, consectetuer adipiscing elit. Ut tempus purus at lorem. Integer pellentesque quam vel velit.","100"
"ğÈs#§î‚~ŒYì×Ñ","»ÑÖ§î‚~ŒYì×Ñ","VodiÄ CYA 1","86","Lorem ipsum dolor sit amet, consectetuer adipiscing elit. Ut tempus purus at lorem.","Lorem ipsum dolor sit amet, consectetuer adipiscing elit. Ut tempus purus at lorem. Integer pellentesque quam vel velit.","40"
"ğÈ¬±§î‚~ŒYì×Ñ","»ÑÖ§î‚~ŒYì×Ñ","50 rudÃ½ (H05V-K)","93","Lorem ipsum dolor sit amet, consectetuer adipiscing elit. Ut tempus purus at lorem.","Lorem ipsum dolor sit amet, consectetuer adipiscing elit. Ut tempus purus at lorem. Integer pellentesque quam vel velit.","27"
"ğÈés§î‚~ŒYì×Ñ","»ÑÖ§î‚~ŒYì×Ñ","5 tmav.modrÃ½(H07V-K)","105","Lorem ipsum dolor sit amet, consectetuer adipiscing elit. Ut tempus purus at lorem.","Lorem ipsum dolor sit amet, consectetuer adipiscing elit. Ut tempus purus at lorem. Integer pellentesque quam vel velit.","86"
"ğÉ8)§î‚~ŒYì×Ñ","»ÑÖ§î‚~ŒYì×Ñ","5 tmav.modrÃ½(H07V-K)","58","Lorem ipsum dolor sit amet, consectetuer adipiscing elit. Ut tempus purus at lorem.","Lorem ipsum dolor sit amet, consectetuer adipiscing elit. Ut tempus purus at lorem. Integer pellentesque quam vel velit.","88"
"ğÉs_§î‚~ŒYì×Ñ","»ÑÖ§î‚~ŒYì×Ñ","50 rudÃ½ (H05V-K)","28","Lorem ipsum dolor sit amet, consectetuer adipiscing elit. Ut tempus purus at lorem.","Lorem ipsum dolor sit amet, consectetuer adipiscing elit. Ut tempus purus at lorem. Integer pellentesque quam vel velit.","1"
"ğÉÂ]§î‚~ŒYì×Ñ","»ÑÖ§î‚~ŒYì×Ñ","50 rudÃ½ (H05V-K)","108","Lorem ipsum dolor sit amet, consectetuer adipiscing elit. Ut tempus purus at lorem.","Lorem ipsum dolor sit amet, consectetuer adipiscing elit. Ut tempus purus at lorem. Integer pellentesque quam vel velit.","87"
"ğÊù§î‚~ŒYì×Ñ","»ÑÖ§î‚~ŒYì×Ñ","VodiÄ CYA 4 ÄernÃ½ (H07V-K)","130","Lorem ipsum dolor sit amet, consectetuer adipiscing elit. Ut tempus purus at lorem.","Lorem ipsum dolor sit amet, consectetuer adipiscing elit. Ut tempus purus at lorem. Integer pellentesque quam vel velit.","4"
"ğÊO“§î‚~ŒYì×Ñ","»ÑÖ§î‚~ŒYì×Ñ","50 rudÃ½ (H05V-K)","120","Lorem ipsum dolor sit amet, consectetuer adipiscing elit. Ut tempus purus at lorem.","Lorem ipsum dolor sit amet, consectetuer adipiscing elit. Ut tempus purus at lorem. Integer pellentesque quam vel velit.","61"
"ğÊˆA§î‚~ŒYì×Ñ","»ÑÖ§î‚~ŒYì×Ñ","5 tmav.modrÃ½(H07V-K)","14","Lorem ipsum dolor sit amet, consectetuer adipiscing elit. Ut tempus purus at lorem.","Lorem ipsum dolor sit amet, consectetuer adipiscing elit. Ut tempus purus at lorem. Integer pellentesque quam vel velit.","5"
"ğËœ§î‚~ŒYì×Ñ","»ÑÖ§î‚~ŒYì×Ñ","5 tmav.modrÃ½(H07V-K)","22","Lorem ipsum dolor sit amet, consectetuer adipiscing elit. Ut tempus purus at lorem.","Lorem ipsum dolor sit amet, consectetuer adipiscing elit. Ut tempus purus at lorem. Integer pellentesque quam vel velit.","34"
"ğËKË§î‚~ŒYì×Ñ","»ÑÖ§î‚~ŒYì×Ñ","VodiÄ CYA 1","90","Lorem ipsum dolor sit amet, consectetuer adipiscing elit. Ut tempus purus at lorem.","Lorem ipsum dolor sit amet, consectetuer adipiscing elit. Ut tempus purus at lorem. Integer pellentesque quam vel velit.","60"
"ğË•¤§î‚~ŒYì×Ñ","»ÑÖ§î‚~ŒYì×Ñ","VodiÄ CYA 1","60","Lorem ipsum dolor sit amet, consectetuer adipiscing elit. Ut tempus purus at lorem.","Lorem ipsum dolor sit amet, consectetuer adipiscing elit. Ut tempus purus at lorem. Integer pellentesque quam vel velit.","69"
"ğËÊ³§î‚~ŒYì×Ñ","»ÑÖ§î‚~ŒYì×Ñ","VodiÄ CYA 1","27","Lorem ipsum dolor sit amet, consectetuer adipiscing elit. Ut tempus purus at lorem.","Lorem ipsum dolor sit amet, consectetuer adipiscing elit. Ut tempus purus at lorem. Integer pellentesque quam vel velit.","67"
"ğÌ!ç§î‚~ŒYì×Ñ","»ÑÖ§î‚~ŒYì×Ñ","5 tmav.modrÃ½(H07V-K)","110","Lorem ipsum dolor sit amet, consectetuer adipiscing elit. Ut tempus purus at lorem.","Lorem ipsum dolor sit amet, consectetuer adipiscing elit. Ut tempus purus at lorem. Integer pellentesque quam vel velit.","57"
"ğÌgW§î‚~ŒYì×Ñ","»ÑÖ§î‚~ŒYì×Ñ","VodiÄ CYA 6 svÄ›t.modrÃ½(H07V-K)","44","Lorem ipsum dolor sit amet, consectetuer adipiscing elit. Ut tempus purus at lorem.","Lorem ipsum dolor sit amet, consectetuer adipiscing elit. Ut tempus purus at lorem. Integer pellentesque quam vel velit.","41"
"ğÌ¯I§î‚~ŒYì×Ñ","»ÑÖ§î‚~ŒYì×Ñ","VodiÄ CYA 6 svÄ›t.modrÃ½(H07V-K)","45","Lorem ipsum dolor sit amet, consectetuer adipiscing elit. Ut tempus purus at lorem.","Lorem ipsum dolor sit amet, consectetuer adipiscing elit. Ut tempus purus at lorem. Integer pellentesque quam vel velit.","81"
"ğÍ	¯§î‚~ŒYì×Ñ","»ÑÖ§î‚~ŒYì×Ñ","VodiÄ CYA 1","59","Lorem ipsum dolor sit amet, consectetuer adipiscing elit. Ut tempus purus at lorem.","Lorem ipsum dolor sit amet, consectetuer adipiscing elit. Ut tempus purus at lorem. Integer pellentesque quam vel velit.","38"
"ğÍR°§î‚~ŒYì×Ñ","»ÑÖ§î‚~ŒYì×Ñ","VodiÄ CYA 1","6","Lorem ipsum dolor sit amet, consectetuer adipiscing elit. Ut tempus purus at lorem.","Lorem ipsum dolor sit amet, consectetuer adipiscing elit. Ut tempus purus at lorem. Integer pellentesque quam vel velit.","13"
"ğÍ—$§î‚~ŒYì×Ñ","»ÑÖ§î‚~ŒYì×Ñ","VodiÄ CYA 0","102","Lorem ipsum dolor sit amet, consectetuer adipiscing elit. Ut tempus purus at lorem.","Lorem ipsum dolor sit amet, consectetuer adipiscing elit. Ut tempus purus at lorem. Integer pellentesque quam vel velit.","42"
"ğÍÍ\0§î‚~ŒYì×Ñ","»ÑÖ§î‚~ŒYì×Ñ","VodiÄ CYA 6 svÄ›t.modrÃ½(H07V-K)","65","Lorem ipsum dolor sit amet, consectetuer adipiscing elit. Ut tempus purus at lorem.","Lorem ipsum dolor sit amet, consectetuer adipiscing elit. Ut tempus purus at lorem. Integer pellentesque quam vel velit.","78"
"ğÎ$Ú§î‚~ŒYì×Ñ","»ÑÖ§î‚~ŒYì×Ñ","5 tmav.modrÃ½(H07V-K)","91","Lorem ipsum dolor sit amet, consectetuer adipiscing elit. Ut tempus purus at lorem.","Lorem ipsum dolor sit amet, consectetuer adipiscing elit. Ut tempus purus at lorem. Integer pellentesque quam vel velit.","55"
"ğÎk§î‚~ŒYì×Ñ","»ÑÖ§î‚~ŒYì×Ñ","VodiÄ CYA 0","107","Lorem ipsum dolor sit amet, consectetuer adipiscing elit. Ut tempus purus at lorem.","Lorem ipsum dolor sit amet, consectetuer adipiscing elit. Ut tempus purus at lorem. Integer pellentesque quam vel velit.","25"
"ğÎ¸-§î‚~ŒYì×Ñ","»ÑÖ§î‚~ŒYì×Ñ","50 rudÃ½ (H05V-K)","90","Lorem ipsum dolor sit amet, consectetuer adipiscing elit. Ut tempus purus at lorem.","Lorem ipsum dolor sit amet, consectetuer adipiscing elit. Ut tempus purus at lorem. Integer pellentesque quam vel velit.","32"
"ğÎı7§î‚~ŒYì×Ñ","»ÑÖ§î‚~ŒYì×Ñ","VodiÄ CYA 6 svÄ›t.modrÃ½(H07V-K)","40","Lorem ipsum dolor sit amet, consectetuer adipiscing elit. Ut tempus purus at lorem.","Lorem ipsum dolor sit amet, consectetuer adipiscing elit. Ut tempus purus at lorem. Integer pellentesque quam vel velit.","77"
"ğÏG§î‚~ŒYì×Ñ","»ÑÖ§î‚~ŒYì×Ñ","5 zel.Å¾lu.","46","Lorem ipsum dolor sit amet, consectetuer adipiscing elit. Ut tempus purus at lorem.","Lorem ipsum dolor sit amet, consectetuer adipiscing elit. Ut tempus purus at lorem. Integer pellentesque quam vel velit.","82"
"ğÏŒµ§î‚~ŒYì×Ñ","»ÑÖ§î‚~ŒYì×Ñ","VodiÄ CYA 1","82","Lorem ipsum dolor sit amet, consectetuer adipiscing elit. Ut tempus purus at lorem.","Lorem ipsum dolor sit amet, consectetuer adipiscing elit. Ut tempus purus at lorem. Integer pellentesque quam vel velit.","66"
"ğÏÕî§î‚~ŒYì×Ñ","»ÑÖ§î‚~ŒYì×Ñ","50 rudÃ½ (H05V-K)","76","Lorem ipsum dolor sit amet, consectetuer adipiscing elit. Ut tempus purus at lorem.","Lorem ipsum dolor sit amet, consectetuer adipiscing elit. Ut tempus purus at lorem. Integer pellentesque quam vel velit.","69"
"ğĞ1„§î‚~ŒYì×Ñ","»ÑÖ§î‚~ŒYì×Ñ","VodiÄ CYA 0","14","Lorem ipsum dolor sit amet, consectetuer adipiscing elit. Ut tempus purus at lorem.","Lorem ipsum dolor sit amet, consectetuer adipiscing elit. Ut tempus purus at lorem. Integer pellentesque quam vel velit.","64"
